,ds,y,ID,yhat1,yhat2,yhat3,yhat4,yhat5,yhat6,yhat7,yhat8,yhat9,yhat10,yhat11,yhat12,yhat13,yhat14,yhat15,yhat16,yhat17,yhat18,yhat19,yhat20,yhat21,yhat22,yhat23,yhat24,yhat1 10.0%,yhat2 10.0%,yhat3 10.0%,yhat4 10.0%,yhat5 10.0%,yhat6 10.0%,yhat7 10.0%,yhat8 10.0%,yhat9 10.0%,yhat10 10.0%,yhat11 10.0%,yhat12 10.0%,yhat13 10.0%,yhat14 10.0%,yhat15 10.0%,yhat16 10.0%,yhat17 10.0%,yhat18 10.0%,yhat19 10.0%,yhat20 10.0%,yhat21 10.0%,yhat22 10.0%,yhat23 10.0%,yhat24 10.0%,yhat1 90.0%,yhat2 90.0%,yhat3 90.0%,yhat4 90.0%,yhat5 90.0%,yhat6 90.0%,yhat7 90.0%,yhat8 90.0%,yhat9 90.0%,yhat10 90.0%,yhat11 90.0%,yhat12 90.0%,yhat13 90.0%,yhat14 90.0%,yhat15 90.0%,yhat16 90.0%,yhat17 90.0%,yhat18 90.0%,yhat19 90.0%,yhat20 90.0%,yhat21 90.0%,yhat22 90.0%,yhat23 90.0%,yhat24 90.0%,ar1,ar2,ar3,ar4,ar5,ar6,ar7,ar8,ar9,ar10,ar11,ar12,ar13,ar14,ar15,ar16,ar17,ar18,ar19,ar20,ar21,ar22,ar23,ar24,lagged_regressor_hour1,lagged_regressor_hour2,lagged_regressor_hour3,lagged_regressor_hour4,lagged_regressor_hour5,lagged_regressor_hour6,lagged_regressor_hour7,lagged_regressor_hour8,lagged_regressor_hour9,lagged_regressor_hour10,lagged_regressor_hour11,lagged_regressor_hour12,lagged_regressor_hour13,lagged_regressor_hour14,lagged_regressor_hour15,lagged_regressor_hour16,lagged_regressor_hour17,lagged_regressor_hour18,lagged_regressor_hour19,lagged_regressor_hour20,lagged_regressor_hour21,lagged_regressor_hour22,lagged_regressor_hour23,lagged_regressor_hour24,lagged_regressor_day1,lagged_regressor_day2,lagged_regressor_day3,lagged_regressor_day4,lagged_regressor_day5,lagged_regressor_day6,lagged_regressor_day7,lagged_regressor_day8,lagged_regressor_day9,lagged_regressor_day10,lagged_regressor_day11,lagged_regressor_day12,lagged_regressor_day13,lagged_regressor_day14,lagged_regressor_day15,lagged_regressor_day16,lagged_regressor_day17,lagged_regressor_day18,lagged_regressor_day19,lagged_regressor_day20,lagged_regressor_day21,lagged_regressor_day22,lagged_regressor_day23,lagged_regressor_day24,lagged_regressor_day_of_week1,lagged_regressor_day_of_week2,lagged_regressor_day_of_week3,lagged_regressor_day_of_week4,lagged_regressor_day_of_week5,lagged_regressor_day_of_week6,lagged_regressor_day_of_week7,lagged_regressor_day_of_week8,lagged_regressor_day_of_week9,lagged_regressor_day_of_week10,lagged_regressor_day_of_week11,lagged_regressor_day_of_week12,lagged_regressor_day_of_week13,lagged_regressor_day_of_week14,lagged_regressor_day_of_week15,lagged_regressor_day_of_week16,lagged_regressor_day_of_week17,lagged_regressor_day_of_week18,lagged_regressor_day_of_week19,lagged_regressor_day_of_week20,lagged_regressor_day_of_week21,lagged_regressor_day_of_week22,lagged_regressor_day_of_week23,lagged_regressor_day_of_week24,lagged_regressor_month1,lagged_regressor_month2,lagged_regressor_month3,lagged_regressor_month4,lagged_regressor_month5,lagged_regressor_month6,lagged_regressor_month7,lagged_regressor_month8,lagged_regressor_month9,lagged_regressor_month10,lagged_regressor_month11,lagged_regressor_month12,lagged_regressor_month13,lagged_regressor_month14,lagged_regressor_month15,lagged_regressor_month16,lagged_regressor_month17,lagged_regressor_month18,lagged_regressor_month19,lagged_regressor_month20,lagged_regressor_month21,lagged_regressor_month22,lagged_regressor_month23,lagged_regressor_month24,trend,season_yearly,season_weekly,season_daily
0,2014-09-01 00:00:00,16.180203045685275,MT_001,,,,,,,,,,,,,,,,,,,,,,,,,,,,,,,,,,,,,,,,,,,,,,,,,,,,,,,,,,,,,,,,,,,,,,,,,,,,,,,,,,,,,,,,,,,,,,,,,,,,,,,,,,,,,,,,,,,,,,,,,,,,,,,,,,,,,,,,,,,,,,,,,,,,,,,,,,,,,,,,,,,,,,,,,,,,,,,,,,,,,,,,,,,,,,,,,,,,
1,2014-09-01 01:00:00,16.497461928934,MT_001,,,,,,,,,,,,,,,,,,,,,,,,,,,,,,,,,,,,,,,,,,,,,,,,,,,,,,,,,,,,,,,,,,,,,,,,,,,,,,,,,,,,,,,,,,,,,,,,,,,,,,,,,,,,,,,,,,,,,,,,,,,,,,,,,,,,,,,,,,,,,,,,,,,,,,,,,,,,,,,,,,,,,,,,,,,,,,,,,,,,,,,,,,,,,,,,,,,,
2,2014-09-01 02:00:00,16.180203045685275,MT_001,,,,,,,,,,,,,,,,,,,,,,,,,,,,,,,,,,,,,,,,,,,,,,,,,,,,,,,,,,,,,,,,,,,,,,,,,,,,,,,,,,,,,,,,,,,,,,,,,,,,,,,,,,,,,,,,,,,,,,,,,,,,,,,,,,,,,,,,,,,,,,,,,,,,,,,,,,,,,,,,,,,,,,,,,,,,,,,,,,,,,,,,,,,,,,,,,,,,
3,2014-09-01 03:00:00,16.497461928934,MT_001,,,,,,,,,,,,,,,,,,,,,,,,,,,,,,,,,,,,,,,,,,,,,,,,,,,,,,,,,,,,,,,,,,,,,,,,,,,,,,,,,,,,,,,,,,,,,,,,,,,,,,,,,,,,,,,,,,,,,,,,,,,,,,,,,,,,,,,,,,,,,,,,,,,,,,,,,,,,,,,,,,,,,,,,,,,,,,,,,,,,,,,,,,,,,,,,,,,,
4,2014-09-01 04:00:00,16.180203045685275,MT_001,,,,,,,,,,,,,,,,,,,,,,,,,,,,,,,,,,,,,,,,,,,,,,,,,,,,,,,,,,,,,,,,,,,,,,,,,,,,,,,,,,,,,,,,,,,,,,,,,,,,,,,,,,,,,,,,,,,,,,,,,,,,,,,,,,,,,,,,,,,,,,,,,,,,,,,,,,,,,,,,,,,,,,,,,,,,,,,,,,,,,,,,,,,,,,,,,,,,
5,2014-09-01 05:00:00,16.814720812182728,MT_001,,,,,,,,,,,,,,,,,,,,,,,,,,,,,,,,,,,,,,,,,,,,,,,,,,,,,,,,,,,,,,,,,,,,,,,,,,,,,,,,,,,,,,,,,,,,,,,,,,,,,,,,,,,,,,,,,,,,,,,,,,,,,,,,,,,,,,,,,,,,,,,,,,,,,,,,,,,,,,,,,,,,,,,,,,,,,,,,,,,,,,,,,,,,,,,,,,,,
6,2014-09-01 06:00:00,16.497461928934,MT_001,,,,,,,,,,,,,,,,,,,,,,,,,,,,,,,,,,,,,,,,,,,,,,,,,,,,,,,,,,,,,,,,,,,,,,,,,,,,,,,,,,,,,,,,,,,,,,,,,,,,,,,,,,,,,,,,,,,,,,,,,,,,,,,,,,,,,,,,,,,,,,,,,,,,,,,,,,,,,,,,,,,,,,,,,,,,,,,,,,,,,,,,,,,,,,,,,,,,
7,2014-09-01 07:00:00,22.208121827411176,MT_001,,,,,,,,,,,,,,,,,,,,,,,,,,,,,,,,,,,,,,,,,,,,,,,,,,,,,,,,,,,,,,,,,,,,,,,,,,,,,,,,,,,,,,,,,,,,,,,,,,,,,,,,,,,,,,,,,,,,,,,,,,,,,,,,,,,,,,,,,,,,,,,,,,,,,,,,,,,,,,,,,,,,,,,,,,,,,,,,,,,,,,,,,,,,,,,,,,,,
8,2014-09-01 08:00:00,14.911167512690376,MT_001,,,,,,,,,,,,,,,,,,,,,,,,,,,,,,,,,,,,,,,,,,,,,,,,,,,,,,,,,,,,,,,,,,,,,,,,,,,,,,,,,,,,,,,,,,,,,,,,,,,,,,,,,,,,,,,,,,,,,,,,,,,,,,,,,,,,,,,,,,,,,,,,,,,,,,,,,,,,,,,,,,,,,,,,,,,,,,,,,,,,,,,,,,,,,,,,,,,,
9,2014-09-01 09:00:00,21.89086294416245,MT_001,,,,,,,,,,,,,,,,,,,,,,,,,,,,,,,,,,,,,,,,,,,,,,,,,,,,,,,,,,,,,,,,,,,,,,,,,,,,,,,,,,,,,,,,,,,,,,,,,,,,,,,,,,,,,,,,,,,,,,,,,,,,,,,,,,,,,,,,,,,,,,,,,,,,,,,,,,,,,,,,,,,,,,,,,,,,,,,,,,,,,,,,,,,,,,,,,,,,
10,2014-09-01 10:00:00,14.59390862944165,MT_001,,,,,,,,,,,,,,,,,,,,,,,,,,,,,,,,,,,,,,,,,,,,,,,,,,,,,,,,,,,,,,,,,,,,,,,,,,,,,,,,,,,,,,,,,,,,,,,,,,,,,,,,,,,,,,,,,,,,,,,,,,,,,,,,,,,,,,,,,,,,,,,,,,,,,,,,,,,,,,,,,,,,,,,,,,,,,,,,,,,,,,,,,,,,,,,,,,,,
11,2014-09-01 11:00:00,14.911167512690376,MT_001,,,,,,,,,,,,,,,,,,,,,,,,,,,,,,,,,,,,,,,,,,,,,,,,,,,,,,,,,,,,,,,,,,,,,,,,,,,,,,,,,,,,,,,,,,,,,,,,,,,,,,,,,,,,,,,,,,,,,,,,,,,,,,,,,,,,,,,,,,,,,,,,,,,,,,,,,,,,,,,,,,,,,,,,,,,,,,,,,,,,,,,,,,,,,,,,,,,,
12,2014-09-01 12:00:00,14.59390862944165,MT_001,,,,,,,,,,,,,,,,,,,,,,,,,,,,,,,,,,,,,,,,,,,,,,,,,,,,,,,,,,,,,,,,,,,,,,,,,,,,,,,,,,,,,,,,,,,,,,,,,,,,,,,,,,,,,,,,,,,,,,,,,,,,,,,,,,,,,,,,,,,,,,,,,,,,,,,,,,,,,,,,,,,,,,,,,,,,,,,,,,,,,,,,,,,,,,,,,,,,
13,2014-09-01 13:00:00,14.59390862944165,MT_001,,,,,,,,,,,,,,,,,,,,,,,,,,,,,,,,,,,,,,,,,,,,,,,,,,,,,,,,,,,,,,,,,,,,,,,,,,,,,,,,,,,,,,,,,,,,,,,,,,,,,,,,,,,,,,,,,,,,,,,,,,,,,,,,,,,,,,,,,,,,,,,,,,,,,,,,,,,,,,,,,,,,,,,,,,,,,,,,,,,,,,,,,,,,,,,,,,,,
14,2014-09-01 14:00:00,14.911167512690376,MT_001,,,,,,,,,,,,,,,,,,,,,,,,,,,,,,,,,,,,,,,,,,,,,,,,,,,,,,,,,,,,,,,,,,,,,,,,,,,,,,,,,,,,,,,,,,,,,,,,,,,,,,,,,,,,,,,,,,,,,,,,,,,,,,,,,,,,,,,,,,,,,,,,,,,,,,,,,,,,,,,,,,,,,,,,,,,,,,,,,,,,,,,,,,,,,,,,,,,,
15,2014-09-01 15:00:00,14.59390862944165,MT_001,,,,,,,,,,,,,,,,,,,,,,,,,,,,,,,,,,,,,,,,,,,,,,,,,,,,,,,,,,,,,,,,,,,,,,,,,,,,,,,,,,,,,,,,,,,,,,,,,,,,,,,,,,,,,,,,,,,,,,,,,,,,,,,,,,,,,,,,,,,,,,,,,,,,,,,,,,,,,,,,,,,,,,,,,,,,,,,,,,,,,,,,,,,,,,,,,,,,
16,2014-09-01 16:00:00,14.911167512690376,MT_001,,,,,,,,,,,,,,,,,,,,,,,,,,,,,,,,,,,,,,,,,,,,,,,,,,,,,,,,,,,,,,,,,,,,,,,,,,,,,,,,,,,,,,,,,,,,,,,,,,,,,,,,,,,,,,,,,,,,,,,,,,,,,,,,,,,,,,,,,,,,,,,,,,,,,,,,,,,,,,,,,,,,,,,,,,,,,,,,,,,,,,,,,,,,,,,,,,,,
17,2014-09-01 17:00:00,15.228426395939074,MT_001,,,,,,,,,,,,,,,,,,,,,,,,,,,,,,,,,,,,,,,,,,,,,,,,,,,,,,,,,,,,,,,,,,,,,,,,,,,,,,,,,,,,,,,,,,,,,,,,,,,,,,,,,,,,,,,,,,,,,,,,,,,,,,,,,,,,,,,,,,,,,,,,,,,,,,,,,,,,,,,,,,,,,,,,,,,,,,,,,,,,,,,,,,,,,,,,,,,,
18,2014-09-01 18:00:00,16.18020304568529,MT_001,,,,,,,,,,,,,,,,,,,,,,,,,,,,,,,,,,,,,,,,,,,,,,,,,,,,,,,,,,,,,,,,,,,,,,,,,,,,,,,,,,,,,,,,,,,,,,,,,,,,,,,,,,,,,,,,,,,,,,,,,,,,,,,,,,,,,,,,,,,,,,,,,,,,,,,,,,,,,,,,,,,,,,,,,,,,,,,,,,,,,,,,,,,,,,,,,,,,
19,2014-09-01 19:00:00,9.517766497461942,MT_001,,,,,,,,,,,,,,,,,,,,,,,,,,,,,,,,,,,,,,,,,,,,,,,,,,,,,,,,,,,,,,,,,,,,,,,,,,,,,,,,,,,,,,,,,,,,,,,,,,,,,,,,,,,,,,,,,,,,,,,,,,,,,,,,,,,,,,,,,,,,,,,,,,,,,,,,,,,,,,,,,,,,,,,,,,,,,,,,,,,,,,,,,,,,,,,,,,,,
20,2014-09-01 20:00:00,2.85532994923858,MT_001,,,,,,,,,,,,,,,,,,,,,,,,,,,,,,,,,,,,,,,,,,,,,,,,,,,,,,,,,,,,,,,,,,,,,,,,,,,,,,,,,,,,,,,,,,,,,,,,,,,,,,,,,,,,,,,,,,,,,,,,,,,,,,,,,,,,,,,,,,,,,,,,,,,,,,,,,,,,,,,,,,,,,,,,,,,,,,,,,,,,,,,,,,,,,,,,,,,,
21,2014-09-01 21:00:00,4.758883248730967,MT_001,,,,,,,,,,,,,,,,,,,,,,,,,,,,,,,,,,,,,,,,,,,,,,,,,,,,,,,,,,,,,,,,,,,,,,,,,,,,,,,,,,,,,,,,,,,,,,,,,,,,,,,,,,,,,,,,,,,,,,,,,,,,,,,,,,,,,,,,,,,,,,,,,,,,,,,,,,,,,,,,,,,,,,,,,,,,,,,,,,,,,,,,,,,,,,,,,,,,
22,2014-09-01 22:00:00,16.497461928934,MT_001,,,,,,,,,,,,,,,,,,,,,,,,,,,,,,,,,,,,,,,,,,,,,,,,,,,,,,,,,,,,,,,,,,,,,,,,,,,,,,,,,,,,,,,,,,,,,,,,,,,,,,,,,,,,,,,,,,,,,,,,,,,,,,,,,,,,,,,,,,,,,,,,,,,,,,,,,,,,,,,,,,,,,,,,,,,,,,,,,,,,,,,,,,,,,,,,,,,,
23,2014-09-01 23:00:00,8.565989847715736,MT_001,,,,,,,,,,,,,,,,,,,,,,,,,,,,,,,,,,,,,,,,,,,,,,,,,,,,,,,,,,,,,,,,,,,,,,,,,,,,,,,,,,,,,,,,,,,,,,,,,,,,,,,,,,,,,,,,,,,,,,,,,,,,,,,,,,,,,,,,,,,,,,,,,,,,,,,,,,,,,,,,,,,,,,,,,,,,,,,,,,,,,,,,,,,,,,,,,,,,
24,2014-09-02 00:00:00,3.48984771573604,MT_001,,,,,,,,,,,,,,,,,,,,,,,,,,,,,,,,,,,,,,,,,,,,,,,,,,,,,,,,,,,,,,,,,,,,,,,,,,,,,,,,,,,,,,,,,,,,,,,,,,,,,,,,,,,,,,,,,,,,,,,,,,,,,,,,,,,,,,,,,,,,,,,,,,,,,,,,,,,,,,,,,,,,,,,,,,,,,,,,,,,,,,,,,,,,,,,,,,,,
25,2014-09-02 01:00:00,3.48984771573604,MT_001,,,,,,,,,,,,,,,,,,,,,,,,,,,,,,,,,,,,,,,,,,,,,,,,,,,,,,,,,,,,,,,,,,,,,,,,,,,,,,,,,,,,,,,,,,,,,,,,,,,,,,,,,,,,,,,,,,,,,,,,,,,,,,,,,,,,,,,,,,,,,,,,,,,,,,,,,,,,,,,,,,,,,,,,,,,,,,,,,,,,,,,,,,,,,,,,,,,,
26,2014-09-02 02:00:00,3.80710659898477,MT_001,,,,,,,,,,,,,,,,,,,,,,,,,,,,,,,,,,,,,,,,,,,,,,,,,,,,,,,,,,,,,,,,,,,,,,,,,,,,,,,,,,,,,,,,,,,,,,,,,,,,,,,,,,,,,,,,,,,,,,,,,,,,,,,,,,,,,,,,,,,,,,,,,,,,,,,,,,,,,,,,,,,,,,,,,,,,,,,,,,,,,,,,,,,,,,,,,,,,
27,2014-09-02 03:00:00,3.48984771573604,MT_001,,,,,,,,,,,,,,,,,,,,,,,,,,,,,,,,,,,,,,,,,,,,,,,,,,,,,,,,,,,,,,,,,,,,,,,,,,,,,,,,,,,,,,,,,,,,,,,,,,,,,,,,,,,,,,,,,,,,,,,,,,,,,,,,,,,,,,,,,,,,,,,,,,,,,,,,,,,,,,,,,,,,,,,,,,,,,,,,,,,,,,,,,,,,,,,,,,,,
28,2014-09-02 04:00:00,3.807106598984773,MT_001,,,,,,,,,,,,,,,,,,,,,,,,,,,,,,,,,,,,,,,,,,,,,,,,,,,,,,,,,,,,,,,,,,,,,,,,,,,,,,,,,,,,,,,,,,,,,,,,,,,,,,,,,,,,,,,,,,,,,,,,,,,,,,,,,,,,,,,,,,,,,,,,,,,,,,,,,,,,,,,,,,,,,,,,,,,,,,,,,,,,,,,,,,,,,,,,,,,,
29,2014-09-02 05:00:00,3.80710659898477,MT_001,,,,,,,,,,,,,,,,,,,,,,,,,,,,,,,,,,,,,,,,,,,,,,,,,,,,,,,,,,,,,,,,,,,,,,,,,,,,,,,,,,,,,,,,,,,,,,,,,,,,,,,,,,,,,,,,,,,,,,,,,,,,,,,,,,,,,,,,,,,,,,,,,,,,,,,,,,,,,,,,,,,,,,,,,,,,,,,,,,,,,,,,,,,,,,,,,,,,
30,2014-09-02 06:00:00,3.48984771573604,MT_001,,,,,,,,,,,,,,,,,,,,,,,,,,,,,,,,,,,,,,,,,,,,,,,,,,,,,,,,,,,,,,,,,,,,,,,,,,,,,,,,,,,,,,,,,,,,,,,,,,,,,,,,,,,,,,,,,,,,,,,,,,,,,,,,,,,,,,,,,,,,,,,,,,,,,,,,,,,,,,,,,,,,,,,,,,,,,,,,,,,,,,,,,,,,,,,,,,,,
31,2014-09-02 07:00:00,2.85532994923858,MT_001,,,,,,,,,,,,,,,,,,,,,,,,,,,,,,,,,,,,,,,,,,,,,,,,,,,,,,,,,,,,,,,,,,,,,,,,,,,,,,,,,,,,,,,,,,,,,,,,,,,,,,,,,,,,,,,,,,,,,,,,,,,,,,,,,,,,,,,,,,,,,,,,,,,,,,,,,,,,,,,,,,,,,,,,,,,,,,,,,,,,,,,,,,,,,,,,,,,,
32,2014-09-02 08:00:00,2.5380710659898478,MT_001,,,,,,,,,,,,,,,,,,,,,,,,,,,,,,,,,,,,,,,,,,,,,,,,,,,,,,,,,,,,,,,,,,,,,,,,,,,,,,,,,,,,,,,,,,,,,,,,,,,,,,,,,,,,,,,,,,,,,,,,,,,,,,,,,,,,,,,,,,,,,,,,,,,,,,,,,,,,,,,,,,,,,,,,,,,,,,,,,,,,,,,,,,,,,,,,,,,,
33,2014-09-02 09:00:00,9.517766497461938,MT_001,,,,,,,,,,,,,,,,,,,,,,,,,,,,,,,,,,,,,,,,,,,,,,,,,,,,,,,,,,,,,,,,,,,,,,,,,,,,,,,,,,,,,,,,,,,,,,,,,,,,,,,,,,,,,,,,,,,,,,,,,,,,,,,,,,,,,,,,,,,,,,,,,,,,,,,,,,,,,,,,,,,,,,,,,,,,,,,,,,,,,,,,,,,,,,,,,,,,
34,2014-09-02 10:00:00,14.911167512690376,MT_001,,,,,,,,,,,,,,,,,,,,,,,,,,,,,,,,,,,,,,,,,,,,,,,,,,,,,,,,,,,,,,,,,,,,,,,,,,,,,,,,,,,,,,,,,,,,,,,,,,,,,,,,,,,,,,,,,,,,,,,,,,,,,,,,,,,,,,,,,,,,,,,,,,,,,,,,,,,,,,,,,,,,,,,,,,,,,,,,,,,,,,,,,,,,,,,,,,,,
35,2014-09-02 11:00:00,14.59390862944165,MT_001,,,,,,,,,,,,,,,,,,,,,,,,,,,,,,,,,,,,,,,,,,,,,,,,,,,,,,,,,,,,,,,,,,,,,,,,,,,,,,,,,,,,,,,,,,,,,,,,,,,,,,,,,,,,,,,,,,,,,,,,,,,,,,,,,,,,,,,,,,,,,,,,,,,,,,,,,,,,,,,,,,,,,,,,,,,,,,,,,,,,,,,,,,,,,,,,,,,,
36,2014-09-02 12:00:00,14.911167512690376,MT_001,,,,,,,,,,,,,,,,,,,,,,,,,,,,,,,,,,,,,,,,,,,,,,,,,,,,,,,,,,,,,,,,,,,,,,,,,,,,,,,,,,,,,,,,,,,,,,,,,,,,,,,,,,,,,,,,,,,,,,,,,,,,,,,,,,,,,,,,,,,,,,,,,,,,,,,,,,,,,,,,,,,,,,,,,,,,,,,,,,,,,,,,,,,,,,,,,,,,
37,2014-09-02 13:00:00,14.911167512690376,MT_001,,,,,,,,,,,,,,,,,,,,,,,,,,,,,,,,,,,,,,,,,,,,,,,,,,,,,,,,,,,,,,,,,,,,,,,,,,,,,,,,,,,,,,,,,,,,,,,,,,,,,,,,,,,,,,,,,,,,,,,,,,,,,,,,,,,,,,,,,,,,,,,,,,,,,,,,,,,,,,,,,,,,,,,,,,,,,,,,,,,,,,,,,,,,,,,,,,,,
38,2014-09-02 14:00:00,14.911167512690376,MT_001,,,,,,,,,,,,,,,,,,,,,,,,,,,,,,,,,,,,,,,,,,,,,,,,,,,,,,,,,,,,,,,,,,,,,,,,,,,,,,,,,,,,,,,,,,,,,,,,,,,,,,,,,,,,,,,,,,,,,,,,,,,,,,,,,,,,,,,,,,,,,,,,,,,,,,,,,,,,,,,,,,,,,,,,,,,,,,,,,,,,,,,,,,,,,,,,,,,,
39,2014-09-02 15:00:00,19.3527918781726,MT_001,,,,,,,,,,,,,,,,,,,,,,,,,,,,,,,,,,,,,,,,,,,,,,,,,,,,,,,,,,,,,,,,,,,,,,,,,,,,,,,,,,,,,,,,,,,,,,,,,,,,,,,,,,,,,,,,,,,,,,,,,,,,,,,,,,,,,,,,,,,,,,,,,,,,,,,,,,,,,,,,,,,,,,,,,,,,,,,,,,,,,,,,,,,,,,,,,,,,
40,2014-09-02 16:00:00,15.2284263959391,MT_001,,,,,,,,,,,,,,,,,,,,,,,,,,,,,,,,,,,,,,,,,,,,,,,,,,,,,,,,,,,,,,,,,,,,,,,,,,,,,,,,,,,,,,,,,,,,,,,,,,,,,,,,,,,,,,,,,,,,,,,,,,,,,,,,,,,,,,,,,,,,,,,,,,,,,,,,,,,,,,,,,,,,,,,,,,,,,,,,,,,,,,,,,,,,,,,,,,,,
41,2014-09-02 17:00:00,15.2284263959391,MT_001,,,,,,,,,,,,,,,,,,,,,,,,,,,,,,,,,,,,,,,,,,,,,,,,,,,,,,,,,,,,,,,,,,,,,,,,,,,,,,,,,,,,,,,,,,,,,,,,,,,,,,,,,,,,,,,,,,,,,,,,,,,,,,,,,,,,,,,,,,,,,,,,,,,,,,,,,,,,,,,,,,,,,,,,,,,,,,,,,,,,,,,,,,,,,,,,,,,,
42,2014-09-02 18:00:00,15.2284263959391,MT_001,,,,,,,,,,,,,,,,,,,,,,,,,,,,,,,,,,,,,,,,,,,,,,,,,,,,,,,,,,,,,,,,,,,,,,,,,,,,,,,,,,,,,,,,,,,,,,,,,,,,,,,,,,,,,,,,,,,,,,,,,,,,,,,,,,,,,,,,,,,,,,,,,,,,,,,,,,,,,,,,,,,,,,,,,,,,,,,,,,,,,,,,,,,,,,,,,,,,
43,2014-09-02 19:00:00,22.20812182741115,MT_001,,,,,,,,,,,,,,,,,,,,,,,,,,,,,,,,,,,,,,,,,,,,,,,,,,,,,,,,,,,,,,,,,,,,,,,,,,,,,,,,,,,,,,,,,,,,,,,,,,,,,,,,,,,,,,,,,,,,,,,,,,,,,,,,,,,,,,,,,,,,,,,,,,,,,,,,,,,,,,,,,,,,,,,,,,,,,,,,,,,,,,,,,,,,,,,,,,,,
44,2014-09-02 20:00:00,15.545685279187826,MT_001,,,,,,,,,,,,,,,,,,,,,,,,,,,,,,,,,,,,,,,,,,,,,,,,,,,,,,,,,,,,,,,,,,,,,,,,,,,,,,,,,,,,,,,,,,,,,,,,,,,,,,,,,,,,,,,,,,,,,,,,,,,,,,,,,,,,,,,,,,,,,,,,,,,,,,,,,,,,,,,,,,,,,,,,,,,,,,,,,,,,,,,,,,,,,,,,,,,,
45,2014-09-02 21:00:00,16.497461928934,MT_001,,,,,,,,,,,,,,,,,,,,,,,,,,,,,,,,,,,,,,,,,,,,,,,,,,,,,,,,,,,,,,,,,,,,,,,,,,,,,,,,,,,,,,,,,,,,,,,,,,,,,,,,,,,,,,,,,,,,,,,,,,,,,,,,,,,,,,,,,,,,,,,,,,,,,,,,,,,,,,,,,,,,,,,,,,,,,,,,,,,,,,,,,,,,,,,,,,,,
46,2014-09-02 22:00:00,16.180203045685275,MT_001,,,,,,,,,,,,,,,,,,,,,,,,,,,,,,,,,,,,,,,,,,,,,,,,,,,,,,,,,,,,,,,,,,,,,,,,,,,,,,,,,,,,,,,,,,,,,,,,,,,,,,,,,,,,,,,,,,,,,,,,,,,,,,,,,,,,,,,,,,,,,,,,,,,,,,,,,,,,,,,,,,,,,,,,,,,,,,,,,,,,,,,,,,,,,,,,,,,,
47,2014-09-02 23:00:00,16.497461928934,MT_001,,,,,,,,,,,,,,,,,,,,,,,,,,,,,,,,,,,,,,,,,,,,,,,,,,,,,,,,,,,,,,,,,,,,,,,,,,,,,,,,,,,,,,,,,,,,,,,,,,,,,,,,,,,,,,,,,,,,,,,,,,,,,,,,,,,,,,,,,,,,,,,,,,,,,,,,,,,,,,,,,,,,,,,,,,,,,,,,,,,,,,,,,,,,,,,,,,,,
48,2014-09-03 00:00:00,16.180203045685275,MT_001,,,,,,,,,,,,,,,,,,,,,,,,,,,,,,,,,,,,,,,,,,,,,,,,,,,,,,,,,,,,,,,,,,,,,,,,,,,,,,,,,,,,,,,,,,,,,,,,,,,,,,,,,,,,,,,,,,,,,,,,,,,,,,,,,,,,,,,,,,,,,,,,,,,,,,,,,,,,,,,,,,,,,,,,,,,,,,,,,,,,,,,,,,,,,,,,,,,,
49,2014-09-03 01:00:00,16.814720812182728,MT_001,,,,,,,,,,,,,,,,,,,,,,,,,,,,,,,,,,,,,,,,,,,,,,,,,,,,,,,,,,,,,,,,,,,,,,,,,,,,,,,,,,,,,,,,,,,,,,,,,,,,,,,,,,,,,,,,,,,,,,,,,,,,,,,,,,,,,,,,,,,,,,,,,,,,,,,,,,,,,,,,,,,,,,,,,,,,,,,,,,,,,,,,,,,,,,,,,,,,
50,2014-09-03 02:00:00,16.180203045685275,MT_001,,,,,,,,,,,,,,,,,,,,,,,,,,,,,,,,,,,,,,,,,,,,,,,,,,,,,,,,,,,,,,,,,,,,,,,,,,,,,,,,,,,,,,,,,,,,,,,,,,,,,,,,,,,,,,,,,,,,,,,,,,,,,,,,,,,,,,,,,,,,,,,,,,,,,,,,,,,,,,,,,,,,,,,,,,,,,,,,,,,,,,,,,,,,,,,,,,,,
51,2014-09-03 03:00:00,16.180203045685275,MT_001,,,,,,,,,,,,,,,,,,,,,,,,,,,,,,,,,,,,,,,,,,,,,,,,,,,,,,,,,,,,,,,,,,,,,,,,,,,,,,,,,,,,,,,,,,,,,,,,,,,,,,,,,,,,,,,,,,,,,,,,,,,,,,,,,,,,,,,,,,,,,,,,,,,,,,,,,,,,,,,,,,,,,,,,,,,,,,,,,,,,,,,,,,,,,,,,,,,,
52,2014-09-03 04:00:00,16.497461928934,MT_001,,,,,,,,,,,,,,,,,,,,,,,,,,,,,,,,,,,,,,,,,,,,,,,,,,,,,,,,,,,,,,,,,,,,,,,,,,,,,,,,,,,,,,,,,,,,,,,,,,,,,,,,,,,,,,,,,,,,,,,,,,,,,,,,,,,,,,,,,,,,,,,,,,,,,,,,,,,,,,,,,,,,,,,,,,,,,,,,,,,,,,,,,,,,,,,,,,,,
53,2014-09-03 05:00:00,16.180203045685275,MT_001,,,,,,,,,,,,,,,,,,,,,,,,,,,,,,,,,,,,,,,,,,,,,,,,,,,,,,,,,,,,,,,,,,,,,,,,,,,,,,,,,,,,,,,,,,,,,,,,,,,,,,,,,,,,,,,,,,,,,,,,,,,,,,,,,,,,,,,,,,,,,,,,,,,,,,,,,,,,,,,,,,,,,,,,,,,,,,,,,,,,,,,,,,,,,,,,,,,,
54,2014-09-03 06:00:00,19.98730964467005,MT_001,,,,,,,,,,,,,,,,,,,,,,,,,,,,,,,,,,,,,,,,,,,,,,,,,,,,,,,,,,,,,,,,,,,,,,,,,,,,,,,,,,,,,,,,,,,,,,,,,,,,,,,,,,,,,,,,,,,,,,,,,,,,,,,,,,,,,,,,,,,,,,,,,,,,,,,,,,,,,,,,,,,,,,,,,,,,,,,,,,,,,,,,,,,,,,,,,,,,
55,2014-09-03 07:00:00,20.30456852791877,MT_001,,,,,,,,,,,,,,,,,,,,,,,,,,,,,,,,,,,,,,,,,,,,,,,,,,,,,,,,,,,,,,,,,,,,,,,,,,,,,,,,,,,,,,,,,,,,,,,,,,,,,,,,,,,,,,,,,,,,,,,,,,,,,,,,,,,,,,,,,,,,,,,,,,,,,,,,,,,,,,,,,,,,,,,,,,,,,,,,,,,,,,,,,,,,,,,,,,,,
56,2014-09-03 08:00:00,16.180203045685275,MT_001,,,,,,,,,,,,,,,,,,,,,,,,,,,,,,,,,,,,,,,,,,,,,,,,,,,,,,,,,,,,,,,,,,,,,,,,,,,,,,,,,,,,,,,,,,,,,,,,,,,,,,,,,,,,,,,,,,,,,,,,,,,,,,,,,,,,,,,,,,,,,,,,,,,,,,,,,,,,,,,,,,,,,,,,,,,,,,,,,,,,,,,,,,,,,,,,,,,,
57,2014-09-03 09:00:00,20.93908629441625,MT_001,,,,,,,,,,,,,,,,,,,,,,,,,,,,,,,,,,,,,,,,,,,,,,,,,,,,,,,,,,,,,,,,,,,,,,,,,,,,,,,,,,,,,,,,,,,,,,,,,,,,,,,,,,,,,,,,,,,,,,,,,,,,,,,,,,,,,,,,,,,,,,,,,,,,,,,,,,,,,,,,,,,,,,,,,,,,,,,,,,,,,,,,,,,,,,,,,,,,
58,2014-09-03 10:00:00,15.2284263959391,MT_001,,,,,,,,,,,,,,,,,,,,,,,,,,,,,,,,,,,,,,,,,,,,,,,,,,,,,,,,,,,,,,,,,,,,,,,,,,,,,,,,,,,,,,,,,,,,,,,,,,,,,,,,,,,,,,,,,,,,,,,,,,,,,,,,,,,,,,,,,,,,,,,,,,,,,,,,,,,,,,,,,,,,,,,,,,,,,,,,,,,,,,,,,,,,,,,,,,,,
59,2014-09-03 11:00:00,14.911167512690376,MT_001,,,,,,,,,,,,,,,,,,,,,,,,,,,,,,,,,,,,,,,,,,,,,,,,,,,,,,,,,,,,,,,,,,,,,,,,,,,,,,,,,,,,,,,,,,,,,,,,,,,,,,,,,,,,,,,,,,,,,,,,,,,,,,,,,,,,,,,,,,,,,,,,,,,,,,,,,,,,,,,,,,,,,,,,,,,,,,,,,,,,,,,,,,,,,,,,,,,,
60,2014-09-03 12:00:00,14.911167512690376,MT_001,,,,,,,,,,,,,,,,,,,,,,,,,,,,,,,,,,,,,,,,,,,,,,,,,,,,,,,,,,,,,,,,,,,,,,,,,,,,,,,,,,,,,,,,,,,,,,,,,,,,,,,,,,,,,,,,,,,,,,,,,,,,,,,,,,,,,,,,,,,,,,,,,,,,,,,,,,,,,,,,,,,,,,,,,,,,,,,,,,,,,,,,,,,,,,,,,,,,
61,2014-09-03 13:00:00,14.911167512690376,MT_001,,,,,,,,,,,,,,,,,,,,,,,,,,,,,,,,,,,,,,,,,,,,,,,,,,,,,,,,,,,,,,,,,,,,,,,,,,,,,,,,,,,,,,,,,,,,,,,,,,,,,,,,,,,,,,,,,,,,,,,,,,,,,,,,,,,,,,,,,,,,,,,,,,,,,,,,,,,,,,,,,,,,,,,,,,,,,,,,,,,,,,,,,,,,,,,,,,,,
62,2014-09-03 14:00:00,14.911167512690376,MT_001,,,,,,,,,,,,,,,,,,,,,,,,,,,,,,,,,,,,,,,,,,,,,,,,,,,,,,,,,,,,,,,,,,,,,,,,,,,,,,,,,,,,,,,,,,,,,,,,,,,,,,,,,,,,,,,,,,,,,,,,,,,,,,,,,,,,,,,,,,,,,,,,,,,,,,,,,,,,,,,,,,,,,,,,,,,,,,,,,,,,,,,,,,,,,,,,,,,,
63,2014-09-03 15:00:00,14.911167512690376,MT_001,,,,,,,,,,,,,,,,,,,,,,,,,,,,,,,,,,,,,,,,,,,,,,,,,,,,,,,,,,,,,,,,,,,,,,,,,,,,,,,,,,,,,,,,,,,,,,,,,,,,,,,,,,,,,,,,,,,,,,,,,,,,,,,,,,,,,,,,,,,,,,,,,,,,,,,,,,,,,,,,,,,,,,,,,,,,,,,,,,,,,,,,,,,,,,,,,,,,
64,2014-09-03 16:00:00,15.2284263959391,MT_001,,,,,,,,,,,,,,,,,,,,,,,,,,,,,,,,,,,,,,,,,,,,,,,,,,,,,,,,,,,,,,,,,,,,,,,,,,,,,,,,,,,,,,,,,,,,,,,,,,,,,,,,,,,,,,,,,,,,,,,,,,,,,,,,,,,,,,,,,,,,,,,,,,,,,,,,,,,,,,,,,,,,,,,,,,,,,,,,,,,,,,,,,,,,,,,,,,,,
65,2014-09-03 17:00:00,14.911167512690376,MT_001,,,,,,,,,,,,,,,,,,,,,,,,,,,,,,,,,,,,,,,,,,,,,,,,,,,,,,,,,,,,,,,,,,,,,,,,,,,,,,,,,,,,,,,,,,,,,,,,,,,,,,,,,,,,,,,,,,,,,,,,,,,,,,,,,,,,,,,,,,,,,,,,,,,,,,,,,,,,,,,,,,,,,,,,,,,,,,,,,,,,,,,,,,,,,,,,,,,,
66,2014-09-03 18:00:00,23.159898477157352,MT_001,,,,,,,,,,,,,,,,,,,,,,,,,,,,,,,,,,,,,,,,,,,,,,,,,,,,,,,,,,,,,,,,,,,,,,,,,,,,,,,,,,,,,,,,,,,,,,,,,,,,,,,,,,,,,,,,,,,,,,,,,,,,,,,,,,,,,,,,,,,,,,,,,,,,,,,,,,,,,,,,,,,,,,,,,,,,,,,,,,,,,,,,,,,,,,,,,,,,
67,2014-09-03 19:00:00,15.862944162436552,MT_001,,,,,,,,,,,,,,,,,,,,,,,,,,,,,,,,,,,,,,,,,,,,,,,,,,,,,,,,,,,,,,,,,,,,,,,,,,,,,,,,,,,,,,,,,,,,,,,,,,,,,,,,,,,,,,,,,,,,,,,,,,,,,,,,,,,,,,,,,,,,,,,,,,,,,,,,,,,,,,,,,,,,,,,,,,,,,,,,,,,,,,,,,,,,,,,,,,,,
68,2014-09-03 20:00:00,16.180203045685275,MT_001,,,,,,,,,,,,,,,,,,,,,,,,,,,,,,,,,,,,,,,,,,,,,,,,,,,,,,,,,,,,,,,,,,,,,,,,,,,,,,,,,,,,,,,,,,,,,,,,,,,,,,,,,,,,,,,,,,,,,,,,,,,,,,,,,,,,,,,,,,,,,,,,,,,,,,,,,,,,,,,,,,,,,,,,,,,,,,,,,,,,,,,,,,,,,,,,,,,,
69,2014-09-03 21:00:00,16.814720812182728,MT_001,,,,,,,,,,,,,,,,,,,,,,,,,,,,,,,,,,,,,,,,,,,,,,,,,,,,,,,,,,,,,,,,,,,,,,,,,,,,,,,,,,,,,,,,,,,,,,,,,,,,,,,,,,,,,,,,,,,,,,,,,,,,,,,,,,,,,,,,,,,,,,,,,,,,,,,,,,,,,,,,,,,,,,,,,,,,,,,,,,,,,,,,,,,,,,,,,,,,
70,2014-09-03 22:00:00,15.5456852791878,MT_001,,,,,,,,,,,,,,,,,,,,,,,,,,,,,,,,,,,,,,,,,,,,,,,,,,,,,,,,,,,,,,,,,,,,,,,,,,,,,,,,,,,,,,,,,,,,,,,,,,,,,,,,,,,,,,,,,,,,,,,,,,,,,,,,,,,,,,,,,,,,,,,,,,,,,,,,,,,,,,,,,,,,,,,,,,,,,,,,,,,,,,,,,,,,,,,,,,,,
71,2014-09-03 23:00:00,5.076142131979697,MT_001,,,,,,,,,,,,,,,,,,,,,,,,,,,,,,,,,,,,,,,,,,,,,,,,,,,,,,,,,,,,,,,,,,,,,,,,,,,,,,,,,,,,,,,,,,,,,,,,,,,,,,,,,,,,,,,,,,,,,,,,,,,,,,,,,,,,,,,,,,,,,,,,,,,,,,,,,,,,,,,,,,,,,,,,,,,,,,,,,,,,,,,,,,,,,,,,,,,,
72,2014-09-04 00:00:00,13.007614213197968,MT_001,,,,,,,,,,,,,,,,,,,,,,,,,,,,,,,,,,,,,,,,,,,,,,,,,,,,,,,,,,,,,,,,,,,,,,,,,,,,,,,,,,,,,,,,,,,,,,,,,,,,,,,,,,,,,,,,,,,,,,,,,,,,,,,,,,,,,,,,,,,,,,,,,,,,,,,,,,,,,,,,,,,,,,,,,,,,,,,,,,,,,,,,,,,,,,,,,,,,
73,2014-09-04 01:00:00,17.13197969543145,MT_001,,,,,,,,,,,,,,,,,,,,,,,,,,,,,,,,,,,,,,,,,,,,,,,,,,,,,,,,,,,,,,,,,,,,,,,,,,,,,,,,,,,,,,,,,,,,,,,,,,,,,,,,,,,,,,,,,,,,,,,,,,,,,,,,,,,,,,,,,,,,,,,,,,,,,,,,,,,,,,,,,,,,,,,,,,,,,,,,,,,,,,,,,,,,,,,,,,,,
74,2014-09-04 02:00:00,16.497461928934,MT_001,,,,,,,,,,,,,,,,,,,,,,,,,,,,,,,,,,,,,,,,,,,,,,,,,,,,,,,,,,,,,,,,,,,,,,,,,,,,,,,,,,,,,,,,,,,,,,,,,,,,,,,,,,,,,,,,,,,,,,,,,,,,,,,,,,,,,,,,,,,,,,,,,,,,,,,,,,,,,,,,,,,,,,,,,,,,,,,,,,,,,,,,,,,,,,,,,,,,
75,2014-09-04 03:00:00,16.814720812182728,MT_001,,,,,,,,,,,,,,,,,,,,,,,,,,,,,,,,,,,,,,,,,,,,,,,,,,,,,,,,,,,,,,,,,,,,,,,,,,,,,,,,,,,,,,,,,,,,,,,,,,,,,,,,,,,,,,,,,,,,,,,,,,,,,,,,,,,,,,,,,,,,,,,,,,,,,,,,,,,,,,,,,,,,,,,,,,,,,,,,,,,,,,,,,,,,,,,,,,,,
76,2014-09-04 04:00:00,17.131979695431475,MT_001,,,,,,,,,,,,,,,,,,,,,,,,,,,,,,,,,,,,,,,,,,,,,,,,,,,,,,,,,,,,,,,,,,,,,,,,,,,,,,,,,,,,,,,,,,,,,,,,,,,,,,,,,,,,,,,,,,,,,,,,,,,,,,,,,,,,,,,,,,,,,,,,,,,,,,,,,,,,,,,,,,,,,,,,,,,,,,,,,,,,,,,,,,,,,,,,,,,,
77,2014-09-04 05:00:00,16.814720812182728,MT_001,,,,,,,,,,,,,,,,,,,,,,,,,,,,,,,,,,,,,,,,,,,,,,,,,,,,,,,,,,,,,,,,,,,,,,,,,,,,,,,,,,,,,,,,,,,,,,,,,,,,,,,,,,,,,,,,,,,,,,,,,,,,,,,,,,,,,,,,,,,,,,,,,,,,,,,,,,,,,,,,,,,,,,,,,,,,,,,,,,,,,,,,,,,,,,,,,,,,
78,2014-09-04 06:00:00,21.890862944162425,MT_001,,,,,,,,,,,,,,,,,,,,,,,,,,,,,,,,,,,,,,,,,,,,,,,,,,,,,,,,,,,,,,,,,,,,,,,,,,,,,,,,,,,,,,,,,,,,,,,,,,,,,,,,,,,,,,,,,,,,,,,,,,,,,,,,,,,,,,,,,,,,,,,,,,,,,,,,,,,,,,,,,,,,,,,,,,,,,,,,,,,,,,,,,,,,,,,,,,,,
79,2014-09-04 07:00:00,16.180203045685275,MT_001,,,,,,,,,,,,,,,,,,,,,,,,,,,,,,,,,,,,,,,,,,,,,,,,,,,,,,,,,,,,,,,,,,,,,,,,,,,,,,,,,,,,,,,,,,,,,,,,,,,,,,,,,,,,,,,,,,,,,,,,,,,,,,,,,,,,,,,,,,,,,,,,,,,,,,,,,,,,,,,,,,,,,,,,,,,,,,,,,,,,,,,,,,,,,,,,,,,,
80,2014-09-04 08:00:00,15.862944162436552,MT_001,,,,,,,,,,,,,,,,,,,,,,,,,,,,,,,,,,,,,,,,,,,,,,,,,,,,,,,,,,,,,,,,,,,,,,,,,,,,,,,,,,,,,,,,,,,,,,,,,,,,,,,,,,,,,,,,,,,,,,,,,,,,,,,,,,,,,,,,,,,,,,,,,,,,,,,,,,,,,,,,,,,,,,,,,,,,,,,,,,,,,,,,,,,,,,,,,,,,
81,2014-09-04 09:00:00,20.621827411167526,MT_001,,,,,,,,,,,,,,,,,,,,,,,,,,,,,,,,,,,,,,,,,,,,,,,,,,,,,,,,,,,,,,,,,,,,,,,,,,,,,,,,,,,,,,,,,,,,,,,,,,,,,,,,,,,,,,,,,,,,,,,,,,,,,,,,,,,,,,,,,,,,,,,,,,,,,,,,,,,,,,,,,,,,,,,,,,,,,,,,,,,,,,,,,,,,,,,,,,,,
82,2014-09-04 10:00:00,14.911167512690376,MT_001,,,,,,,,,,,,,,,,,,,,,,,,,,,,,,,,,,,,,,,,,,,,,,,,,,,,,,,,,,,,,,,,,,,,,,,,,,,,,,,,,,,,,,,,,,,,,,,,,,,,,,,,,,,,,,,,,,,,,,,,,,,,,,,,,,,,,,,,,,,,,,,,,,,,,,,,,,,,,,,,,,,,,,,,,,,,,,,,,,,,,,,,,,,,,,,,,,,,
83,2014-09-04 11:00:00,14.911167512690376,MT_001,,,,,,,,,,,,,,,,,,,,,,,,,,,,,,,,,,,,,,,,,,,,,,,,,,,,,,,,,,,,,,,,,,,,,,,,,,,,,,,,,,,,,,,,,,,,,,,,,,,,,,,,,,,,,,,,,,,,,,,,,,,,,,,,,,,,,,,,,,,,,,,,,,,,,,,,,,,,,,,,,,,,,,,,,,,,,,,,,,,,,,,,,,,,,,,,,,,,
84,2014-09-04 12:00:00,14.911167512690376,MT_001,,,,,,,,,,,,,,,,,,,,,,,,,,,,,,,,,,,,,,,,,,,,,,,,,,,,,,,,,,,,,,,,,,,,,,,,,,,,,,,,,,,,,,,,,,,,,,,,,,,,,,,,,,,,,,,,,,,,,,,,,,,,,,,,,,,,,,,,,,,,,,,,,,,,,,,,,,,,,,,,,,,,,,,,,,,,,,,,,,,,,,,,,,,,,,,,,,,,
85,2014-09-04 13:00:00,14.911167512690376,MT_001,,,,,,,,,,,,,,,,,,,,,,,,,,,,,,,,,,,,,,,,,,,,,,,,,,,,,,,,,,,,,,,,,,,,,,,,,,,,,,,,,,,,,,,,,,,,,,,,,,,,,,,,,,,,,,,,,,,,,,,,,,,,,,,,,,,,,,,,,,,,,,,,,,,,,,,,,,,,,,,,,,,,,,,,,,,,,,,,,,,,,,,,,,,,,,,,,,,,
86,2014-09-04 14:00:00,14.911167512690376,MT_001,,,,,,,,,,,,,,,,,,,,,,,,,,,,,,,,,,,,,,,,,,,,,,,,,,,,,,,,,,,,,,,,,,,,,,,,,,,,,,,,,,,,,,,,,,,,,,,,,,,,,,,,,,,,,,,,,,,,,,,,,,,,,,,,,,,,,,,,,,,,,,,,,,,,,,,,,,,,,,,,,,,,,,,,,,,,,,,,,,,,,,,,,,,,,,,,,,,,
87,2014-09-04 15:00:00,8.56598984771575,MT_001,,,,,,,,,,,,,,,,,,,,,,,,,,,,,,,,,,,,,,,,,,,,,,,,,,,,,,,,,,,,,,,,,,,,,,,,,,,,,,,,,,,,,,,,,,,,,,,,,,,,,,,,,,,,,,,,,,,,,,,,,,,,,,,,,,,,,,,,,,,,,,,,,,,,,,,,,,,,,,,,,,,,,,,,,,,,,,,,,,,,,,,,,,,,,,,,,,,,
88,2014-09-04 16:00:00,14.911167512690376,MT_001,,,,,,,,,,,,,,,,,,,,,,,,,,,,,,,,,,,,,,,,,,,,,,,,,,,,,,,,,,,,,,,,,,,,,,,,,,,,,,,,,,,,,,,,,,,,,,,,,,,,,,,,,,,,,,,,,,,,,,,,,,,,,,,,,,,,,,,,,,,,,,,,,,,,,,,,,,,,,,,,,,,,,,,,,,,,,,,,,,,,,,,,,,,,,,,,,,,,
89,2014-09-04 17:00:00,14.911167512690376,MT_001,,,,,,,,,,,,,,,,,,,,,,,,,,,,,,,,,,,,,,,,,,,,,,,,,,,,,,,,,,,,,,,,,,,,,,,,,,,,,,,,,,,,,,,,,,,,,,,,,,,,,,,,,,,,,,,,,,,,,,,,,,,,,,,,,,,,,,,,,,,,,,,,,,,,,,,,,,,,,,,,,,,,,,,,,,,,,,,,,,,,,,,,,,,,,,,,,,,,
90,2014-09-04 18:00:00,23.477157360406075,MT_001,,,,,,,,,,,,,,,,,,,,,,,,,,,,,,,,,,,,,,,,,,,,,,,,,,,,,,,,,,,,,,,,,,,,,,,,,,,,,,,,,,,,,,,,,,,,,,,,,,,,,,,,,,,,,,,,,,,,,,,,,,,,,,,,,,,,,,,,,,,,,,,,,,,,,,,,,,,,,,,,,,,,,,,,,,,,,,,,,,,,,,,,,,,,,,,,,,,,
91,2014-09-04 19:00:00,15.545685279187826,MT_001,,,,,,,,,,,,,,,,,,,,,,,,,,,,,,,,,,,,,,,,,,,,,,,,,,,,,,,,,,,,,,,,,,,,,,,,,,,,,,,,,,,,,,,,,,,,,,,,,,,,,,,,,,,,,,,,,,,,,,,,,,,,,,,,,,,,,,,,,,,,,,,,,,,,,,,,,,,,,,,,,,,,,,,,,,,,,,,,,,,,,,,,,,,,,,,,,,,,
92,2014-09-04 20:00:00,15.862944162436552,MT_001,,,,,,,,,,,,,,,,,,,,,,,,,,,,,,,,,,,,,,,,,,,,,,,,,,,,,,,,,,,,,,,,,,,,,,,,,,,,,,,,,,,,,,,,,,,,,,,,,,,,,,,,,,,,,,,,,,,,,,,,,,,,,,,,,,,,,,,,,,,,,,,,,,,,,,,,,,,,,,,,,,,,,,,,,,,,,,,,,,,,,,,,,,,,,,,,,,,,
93,2014-09-04 21:00:00,16.814720812182728,MT_001,,,,,,,,,,,,,,,,,,,,,,,,,,,,,,,,,,,,,,,,,,,,,,,,,,,,,,,,,,,,,,,,,,,,,,,,,,,,,,,,,,,,,,,,,,,,,,,,,,,,,,,,,,,,,,,,,,,,,,,,,,,,,,,,,,,,,,,,,,,,,,,,,,,,,,,,,,,,,,,,,,,,,,,,,,,,,,,,,,,,,,,,,,,,,,,,,,,,
94,2014-09-04 22:00:00,17.13197969543145,MT_001,,,,,,,,,,,,,,,,,,,,,,,,,,,,,,,,,,,,,,,,,,,,,,,,,,,,,,,,,,,,,,,,,,,,,,,,,,,,,,,,,,,,,,,,,,,,,,,,,,,,,,,,,,,,,,,,,,,,,,,,,,,,,,,,,,,,,,,,,,,,,,,,,,,,,,,,,,,,,,,,,,,,,,,,,,,,,,,,,,,,,,,,,,,,,,,,,,,,
95,2014-09-04 23:00:00,14.27664974619288,MT_001,,,,,,,,,,,,,,,,,,,,,,,,,,,,,,,,,,,,,,,,,,,,,,,,,,,,,,,,,,,,,,,,,,,,,,,,,,,,,,,,,,,,,,,,,,,,,,,,,,,,,,,,,,,,,,,,,,,,,,,,,,,,,,,,,,,,,,,,,,,,,,,,,,,,,,,,,,,,,,,,,,,,,,,,,,,,,,,,,,,,,,,,,,,,,,,,,,,,
96,2014-09-05 00:00:00,6.66243654822336,MT_001,,,,,,,,,,,,,,,,,,,,,,,,,,,,,,,,,,,,,,,,,,,,,,,,,,,,,,,,,,,,,,,,,,,,,,,,,,,,,,,,,,,,,,,,,,,,,,,,,,,,,,,,,,,,,,,,,,,,,,,,,,,,,,,,,,,,,,,,,,,,,,,,,,,,,,,,,,,,,,,,,,,,,,,,,,,,,,,,,,,,,,,,,,,,,,,,,,,,
97,2014-09-05 01:00:00,13.95939086294415,MT_001,,,,,,,,,,,,,,,,,,,,,,,,,,,,,,,,,,,,,,,,,,,,,,,,,,,,,,,,,,,,,,,,,,,,,,,,,,,,,,,,,,,,,,,,,,,,,,,,,,,,,,,,,,,,,,,,,,,,,,,,,,,,,,,,,,,,,,,,,,,,,,,,,,,,,,,,,,,,,,,,,,,,,,,,,,,,,,,,,,,,,,,,,,,,,,,,,,,,
98,2014-09-05 02:00:00,16.814720812182728,MT_001,,,,,,,,,,,,,,,,,,,,,,,,,,,,,,,,,,,,,,,,,,,,,,,,,,,,,,,,,,,,,,,,,,,,,,,,,,,,,,,,,,,,,,,,,,,,,,,,,,,,,,,,,,,,,,,,,,,,,,,,,,,,,,,,,,,,,,,,,,,,,,,,,,,,,,,,,,,,,,,,,,,,,,,,,,,,,,,,,,,,,,,,,,,,,,,,,,,,
99,2014-09-05 03:00:00,16.814720812182728,MT_001,,,,,,,,,,,,,,,,,,,,,,,,,,,,,,,,,,,,,,,,,,,,,,,,,,,,,,,,,,,,,,,,,,,,,,,,,,,,,,,,,,,,,,,,,,,,,,,,,,,,,,,,,,,,,,,,,,,,,,,,,,,,,,,,,,,,,,,,,,,,,,,,,,,,,,,,,,,,,,,,,,,,,,,,,,,,,,,,,,,,,,,,,,,,,,,,,,,,
100,2014-09-05 04:00:00,16.814720812182728,MT_001,,,,,,,,,,,,,,,,,,,,,,,,,,,,,,,,,,,,,,,,,,,,,,,,,,,,,,,,,,,,,,,,,,,,,,,,,,,,,,,,,,,,,,,,,,,,,,,,,,,,,,,,,,,,,,,,,,,,,,,,,,,,,,,,,,,,,,,,,,,,,,,,,,,,,,,,,,,,,,,,,,,,,,,,,,,,,,,,,,,,,,,,,,,,,,,,,,,,
101,2014-09-05 05:00:00,16.814720812182728,MT_001,,,,,,,,,,,,,,,,,,,,,,,,,,,,,,,,,,,,,,,,,,,,,,,,,,,,,,,,,,,,,,,,,,,,,,,,,,,,,,,,,,,,,,,,,,,,,,,,,,,,,,,,,,,,,,,,,,,,,,,,,,,,,,,,,,,,,,,,,,,,,,,,,,,,,,,,,,,,,,,,,,,,,,,,,,,,,,,,,,,,,,,,,,,,,,,,,,,,
102,2014-09-05 06:00:00,20.30456852791877,MT_001,,,,,,,,,,,,,,,,,,,,,,,,,,,,,,,,,,,,,,,,,,,,,,,,,,,,,,,,,,,,,,,,,,,,,,,,,,,,,,,,,,,,,,,,,,,,,,,,,,,,,,,,,,,,,,,,,,,,,,,,,,,,,,,,,,,,,,,,,,,,,,,,,,,,,,,,,,,,,,,,,,,,,,,,,,,,,,,,,,,,,,,,,,,,,,,,,,,,
103,2014-09-05 07:00:00,17.766497461928925,MT_001,,,,,,,,,,,,,,,,,,,,,,,,,,,,,,,,,,,,,,,,,,,,,,,,,,,,,,,,,,,,,,,,,,,,,,,,,,,,,,,,,,,,,,,,,,,,,,,,,,,,,,,,,,,,,,,,,,,,,,,,,,,,,,,,,,,,,,,,,,,,,,,,,,,,,,,,,,,,,,,,,,,,,,,,,,,,,,,,,,,,,,,,,,,,,,,,,,,,
104,2014-09-05 08:00:00,14.911167512690376,MT_001,,,,,,,,,,,,,,,,,,,,,,,,,,,,,,,,,,,,,,,,,,,,,,,,,,,,,,,,,,,,,,,,,,,,,,,,,,,,,,,,,,,,,,,,,,,,,,,,,,,,,,,,,,,,,,,,,,,,,,,,,,,,,,,,,,,,,,,,,,,,,,,,,,,,,,,,,,,,,,,,,,,,,,,,,,,,,,,,,,,,,,,,,,,,,,,,,,,,
105,2014-09-05 09:00:00,20.93908629441625,MT_001,,,,,,,,,,,,,,,,,,,,,,,,,,,,,,,,,,,,,,,,,,,,,,,,,,,,,,,,,,,,,,,,,,,,,,,,,,,,,,,,,,,,,,,,,,,,,,,,,,,,,,,,,,,,,,,,,,,,,,,,,,,,,,,,,,,,,,,,,,,,,,,,,,,,,,,,,,,,,,,,,,,,,,,,,,,,,,,,,,,,,,,,,,,,,,,,,,,,
106,2014-09-05 10:00:00,15.2284263959391,MT_001,,,,,,,,,,,,,,,,,,,,,,,,,,,,,,,,,,,,,,,,,,,,,,,,,,,,,,,,,,,,,,,,,,,,,,,,,,,,,,,,,,,,,,,,,,,,,,,,,,,,,,,,,,,,,,,,,,,,,,,,,,,,,,,,,,,,,,,,,,,,,,,,,,,,,,,,,,,,,,,,,,,,,,,,,,,,,,,,,,,,,,,,,,,,,,,,,,,,
107,2014-09-05 11:00:00,14.59390862944165,MT_001,,,,,,,,,,,,,,,,,,,,,,,,,,,,,,,,,,,,,,,,,,,,,,,,,,,,,,,,,,,,,,,,,,,,,,,,,,,,,,,,,,,,,,,,,,,,,,,,,,,,,,,,,,,,,,,,,,,,,,,,,,,,,,,,,,,,,,,,,,,,,,,,,,,,,,,,,,,,,,,,,,,,,,,,,,,,,,,,,,,,,,,,,,,,,,,,,,,,
108,2014-09-05 12:00:00,14.59390862944165,MT_001,,,,,,,,,,,,,,,,,,,,,,,,,,,,,,,,,,,,,,,,,,,,,,,,,,,,,,,,,,,,,,,,,,,,,,,,,,,,,,,,,,,,,,,,,,,,,,,,,,,,,,,,,,,,,,,,,,,,,,,,,,,,,,,,,,,,,,,,,,,,,,,,,,,,,,,,,,,,,,,,,,,,,,,,,,,,,,,,,,,,,,,,,,,,,,,,,,,,
109,2014-09-05 13:00:00,14.911167512690376,MT_001,,,,,,,,,,,,,,,,,,,,,,,,,,,,,,,,,,,,,,,,,,,,,,,,,,,,,,,,,,,,,,,,,,,,,,,,,,,,,,,,,,,,,,,,,,,,,,,,,,,,,,,,,,,,,,,,,,,,,,,,,,,,,,,,,,,,,,,,,,,,,,,,,,,,,,,,,,,,,,,,,,,,,,,,,,,,,,,,,,,,,,,,,,,,,,,,,,,,
110,2014-09-05 14:00:00,14.59390862944165,MT_001,,,,,,,,,,,,,,,,,,,,,,,,,,,,,,,,,,,,,,,,,,,,,,,,,,,,,,,,,,,,,,,,,,,,,,,,,,,,,,,,,,,,,,,,,,,,,,,,,,,,,,,,,,,,,,,,,,,,,,,,,,,,,,,,,,,,,,,,,,,,,,,,,,,,,,,,,,,,,,,,,,,,,,,,,,,,,,,,,,,,,,,,,,,,,,,,,,,,
111,2014-09-05 15:00:00,14.59390862944165,MT_001,,,,,,,,,,,,,,,,,,,,,,,,,,,,,,,,,,,,,,,,,,,,,,,,,,,,,,,,,,,,,,,,,,,,,,,,,,,,,,,,,,,,,,,,,,,,,,,,,,,,,,,,,,,,,,,,,,,,,,,,,,,,,,,,,,,,,,,,,,,,,,,,,,,,,,,,,,,,,,,,,,,,,,,,,,,,,,,,,,,,,,,,,,,,,,,,,,,,
112,2014-09-05 16:00:00,14.911167512690376,MT_001,,,,,,,,,,,,,,,,,,,,,,,,,,,,,,,,,,,,,,,,,,,,,,,,,,,,,,,,,,,,,,,,,,,,,,,,,,,,,,,,,,,,,,,,,,,,,,,,,,,,,,,,,,,,,,,,,,,,,,,,,,,,,,,,,,,,,,,,,,,,,,,,,,,,,,,,,,,,,,,,,,,,,,,,,,,,,,,,,,,,,,,,,,,,,,,,,,,,
113,2014-09-05 17:00:00,14.911167512690376,MT_001,,,,,,,,,,,,,,,,,,,,,,,,,,,,,,,,,,,,,,,,,,,,,,,,,,,,,,,,,,,,,,,,,,,,,,,,,,,,,,,,,,,,,,,,,,,,,,,,,,,,,,,,,,,,,,,,,,,,,,,,,,,,,,,,,,,,,,,,,,,,,,,,,,,,,,,,,,,,,,,,,,,,,,,,,,,,,,,,,,,,,,,,,,,,,,,,,,,,
114,2014-09-05 18:00:00,23.159898477157352,MT_001,,,,,,,,,,,,,,,,,,,,,,,,,,,,,,,,,,,,,,,,,,,,,,,,,,,,,,,,,,,,,,,,,,,,,,,,,,,,,,,,,,,,,,,,,,,,,,,,,,,,,,,,,,,,,,,,,,,,,,,,,,,,,,,,,,,,,,,,,,,,,,,,,,,,,,,,,,,,,,,,,,,,,,,,,,,,,,,,,,,,,,,,,,,,,,,,,,,,
115,2014-09-05 19:00:00,15.2284263959391,MT_001,,,,,,,,,,,,,,,,,,,,,,,,,,,,,,,,,,,,,,,,,,,,,,,,,,,,,,,,,,,,,,,,,,,,,,,,,,,,,,,,,,,,,,,,,,,,,,,,,,,,,,,,,,,,,,,,,,,,,,,,,,,,,,,,,,,,,,,,,,,,,,,,,,,,,,,,,,,,,,,,,,,,,,,,,,,,,,,,,,,,,,,,,,,,,,,,,,,,
116,2014-09-05 20:00:00,16.497461928934,MT_001,,,,,,,,,,,,,,,,,,,,,,,,,,,,,,,,,,,,,,,,,,,,,,,,,,,,,,,,,,,,,,,,,,,,,,,,,,,,,,,,,,,,,,,,,,,,,,,,,,,,,,,,,,,,,,,,,,,,,,,,,,,,,,,,,,,,,,,,,,,,,,,,,,,,,,,,,,,,,,,,,,,,,,,,,,,,,,,,,,,,,,,,,,,,,,,,,,,,
117,2014-09-05 21:00:00,16.814720812182728,MT_001,,,,,,,,,,,,,,,,,,,,,,,,,,,,,,,,,,,,,,,,,,,,,,,,,,,,,,,,,,,,,,,,,,,,,,,,,,,,,,,,,,,,,,,,,,,,,,,,,,,,,,,,,,,,,,,,,,,,,,,,,,,,,,,,,,,,,,,,,,,,,,,,,,,,,,,,,,,,,,,,,,,,,,,,,,,,,,,,,,,,,,,,,,,,,,,,,,,,
118,2014-09-05 22:00:00,16.814720812182728,MT_001,,,,,,,,,,,,,,,,,,,,,,,,,,,,,,,,,,,,,,,,,,,,,,,,,,,,,,,,,,,,,,,,,,,,,,,,,,,,,,,,,,,,,,,,,,,,,,,,,,,,,,,,,,,,,,,,,,,,,,,,,,,,,,,,,,,,,,,,,,,,,,,,,,,,,,,,,,,,,,,,,,,,,,,,,,,,,,,,,,,,,,,,,,,,,,,,,,,,
119,2014-09-05 23:00:00,17.449238578680202,MT_001,,,,,,,,,,,,,,,,,,,,,,,,,,,,,,,,,,,,,,,,,,,,,,,,,,,,,,,,,,,,,,,,,,,,,,,,,,,,,,,,,,,,,,,,,,,,,,,,,,,,,,,,,,,,,,,,,,,,,,,,,,,,,,,,,,,,,,,,,,,,,,,,,,,,,,,,,,,,,,,,,,,,,,,,,,,,,,,,,,,,,,,,,,,,,,,,,,,,
120,2014-09-06 00:00:00,16.814720812182728,MT_001,,,,,,,,,,,,,,,,,,,,,,,,,,,,,,,,,,,,,,,,,,,,,,,,,,,,,,,,,,,,,,,,,,,,,,,,,,,,,,,,,,,,,,,,,,,,,,,,,,,,,,,,,,,,,,,,,,,,,,,,,,,,,,,,,,,,,,,,,,,,,,,,,,,,,,,,,,,,,,,,,,,,,,,,,,,,,,,,,,,,,,,,,,,,,,,,,,,,
121,2014-09-06 01:00:00,16.814720812182728,MT_001,,,,,,,,,,,,,,,,,,,,,,,,,,,,,,,,,,,,,,,,,,,,,,,,,,,,,,,,,,,,,,,,,,,,,,,,,,,,,,,,,,,,,,,,,,,,,,,,,,,,,,,,,,,,,,,,,,,,,,,,,,,,,,,,,,,,,,,,,,,,,,,,,,,,,,,,,,,,,,,,,,,,,,,,,,,,,,,,,,,,,,,,,,,,,,,,,,,,
122,2014-09-06 02:00:00,16.497461928934,MT_001,,,,,,,,,,,,,,,,,,,,,,,,,,,,,,,,,,,,,,,,,,,,,,,,,,,,,,,,,,,,,,,,,,,,,,,,,,,,,,,,,,,,,,,,,,,,,,,,,,,,,,,,,,,,,,,,,,,,,,,,,,,,,,,,,,,,,,,,,,,,,,,,,,,,,,,,,,,,,,,,,,,,,,,,,,,,,,,,,,,,,,,,,,,,,,,,,,,,
123,2014-09-06 03:00:00,16.814720812182728,MT_001,,,,,,,,,,,,,,,,,,,,,,,,,,,,,,,,,,,,,,,,,,,,,,,,,,,,,,,,,,,,,,,,,,,,,,,,,,,,,,,,,,,,,,,,,,,,,,,,,,,,,,,,,,,,,,,,,,,,,,,,,,,,,,,,,,,,,,,,,,,,,,,,,,,,,,,,,,,,,,,,,,,,,,,,,,,,,,,,,,,,,,,,,,,,,,,,,,,,
124,2014-09-06 04:00:00,16.814720812182728,MT_001,,,,,,,,,,,,,,,,,,,,,,,,,,,,,,,,,,,,,,,,,,,,,,,,,,,,,,,,,,,,,,,,,,,,,,,,,,,,,,,,,,,,,,,,,,,,,,,,,,,,,,,,,,,,,,,,,,,,,,,,,,,,,,,,,,,,,,,,,,,,,,,,,,,,,,,,,,,,,,,,,,,,,,,,,,,,,,,,,,,,,,,,,,,,,,,,,,,,
125,2014-09-06 05:00:00,16.497461928934,MT_001,,,,,,,,,,,,,,,,,,,,,,,,,,,,,,,,,,,,,,,,,,,,,,,,,,,,,,,,,,,,,,,,,,,,,,,,,,,,,,,,,,,,,,,,,,,,,,,,,,,,,,,,,,,,,,,,,,,,,,,,,,,,,,,,,,,,,,,,,,,,,,,,,,,,,,,,,,,,,,,,,,,,,,,,,,,,,,,,,,,,,,,,,,,,,,,,,,,,
126,2014-09-06 06:00:00,17.766497461928925,MT_001,,,,,,,,,,,,,,,,,,,,,,,,,,,,,,,,,,,,,,,,,,,,,,,,,,,,,,,,,,,,,,,,,,,,,,,,,,,,,,,,,,,,,,,,,,,,,,,,,,,,,,,,,,,,,,,,,,,,,,,,,,,,,,,,,,,,,,,,,,,,,,,,,,,,,,,,,,,,,,,,,,,,,,,,,,,,,,,,,,,,,,,,,,,,,,,,,,,,
127,2014-09-06 07:00:00,24.746192893401,MT_001,,,,,,,,,,,,,,,,,,,,,,,,,,,,,,,,,,,,,,,,,,,,,,,,,,,,,,,,,,,,,,,,,,,,,,,,,,,,,,,,,,,,,,,,,,,,,,,,,,,,,,,,,,,,,,,,,,,,,,,,,,,,,,,,,,,,,,,,,,,,,,,,,,,,,,,,,,,,,,,,,,,,,,,,,,,,,,,,,,,,,,,,,,,,,,,,,,,,
128,2014-09-06 08:00:00,14.911167512690376,MT_001,,,,,,,,,,,,,,,,,,,,,,,,,,,,,,,,,,,,,,,,,,,,,,,,,,,,,,,,,,,,,,,,,,,,,,,,,,,,,,,,,,,,,,,,,,,,,,,,,,,,,,,,,,,,,,,,,,,,,,,,,,,,,,,,,,,,,,,,,,,,,,,,,,,,,,,,,,,,,,,,,,,,,,,,,,,,,,,,,,,,,,,,,,,,,,,,,,,,
129,2014-09-06 09:00:00,14.59390862944165,MT_001,,,,,,,,,,,,,,,,,,,,,,,,,,,,,,,,,,,,,,,,,,,,,,,,,,,,,,,,,,,,,,,,,,,,,,,,,,,,,,,,,,,,,,,,,,,,,,,,,,,,,,,,,,,,,,,,,,,,,,,,,,,,,,,,,,,,,,,,,,,,,,,,,,,,,,,,,,,,,,,,,,,,,,,,,,,,,,,,,,,,,,,,,,,,,,,,,,,,
130,2014-09-06 10:00:00,18.08375634517768,MT_001,,,,,,,,,,,,,,,,,,,,,,,,,,,,,,,,,,,,,,,,,,,,,,,,,,,,,,,,,,,,,,,,,,,,,,,,,,,,,,,,,,,,,,,,,,,,,,,,,,,,,,,,,,,,,,,,,,,,,,,,,,,,,,,,,,,,,,,,,,,,,,,,,,,,,,,,,,,,,,,,,,,,,,,,,,,,,,,,,,,,,,,,,,,,,,,,,,,,
131,2014-09-06 11:00:00,18.71827411167515,MT_001,,,,,,,,,,,,,,,,,,,,,,,,,,,,,,,,,,,,,,,,,,,,,,,,,,,,,,,,,,,,,,,,,,,,,,,,,,,,,,,,,,,,,,,,,,,,,,,,,,,,,,,,,,,,,,,,,,,,,,,,,,,,,,,,,,,,,,,,,,,,,,,,,,,,,,,,,,,,,,,,,,,,,,,,,,,,,,,,,,,,,,,,,,,,,,,,,,,,
132,2014-09-06 12:00:00,14.911167512690376,MT_001,,,,,,,,,,,,,,,,,,,,,,,,,,,,,,,,,,,,,,,,,,,,,,,,,,,,,,,,,,,,,,,,,,,,,,,,,,,,,,,,,,,,,,,,,,,,,,,,,,,,,,,,,,,,,,,,,,,,,,,,,,,,,,,,,,,,,,,,,,,,,,,,,,,,,,,,,,,,,,,,,,,,,,,,,,,,,,,,,,,,,,,,,,,,,,,,,,,,
133,2014-09-06 13:00:00,14.911167512690376,MT_001,,,,,,,,,,,,,,,,,,,,,,,,,,,,,,,,,,,,,,,,,,,,,,,,,,,,,,,,,,,,,,,,,,,,,,,,,,,,,,,,,,,,,,,,,,,,,,,,,,,,,,,,,,,,,,,,,,,,,,,,,,,,,,,,,,,,,,,,,,,,,,,,,,,,,,,,,,,,,,,,,,,,,,,,,,,,,,,,,,,,,,,,,,,,,,,,,,,,
134,2014-09-06 14:00:00,12.055837563451792,MT_001,,,,,,,,,,,,,,,,,,,,,,,,,,,,,,,,,,,,,,,,,,,,,,,,,,,,,,,,,,,,,,,,,,,,,,,,,,,,,,,,,,,,,,,,,,,,,,,,,,,,,,,,,,,,,,,,,,,,,,,,,,,,,,,,,,,,,,,,,,,,,,,,,,,,,,,,,,,,,,,,,,,,,,,,,,,,,,,,,,,,,,,,,,,,,,,,,,,,
135,2014-09-06 15:00:00,10.786802030456853,MT_001,,,,,,,,,,,,,,,,,,,,,,,,,,,,,,,,,,,,,,,,,,,,,,,,,,,,,,,,,,,,,,,,,,,,,,,,,,,,,,,,,,,,,,,,,,,,,,,,,,,,,,,,,,,,,,,,,,,,,,,,,,,,,,,,,,,,,,,,,,,,,,,,,,,,,,,,,,,,,,,,,,,,,,,,,,,,,,,,,,,,,,,,,,,,,,,,,,,,
136,2014-09-06 16:00:00,14.911167512690376,MT_001,,,,,,,,,,,,,,,,,,,,,,,,,,,,,,,,,,,,,,,,,,,,,,,,,,,,,,,,,,,,,,,,,,,,,,,,,,,,,,,,,,,,,,,,,,,,,,,,,,,,,,,,,,,,,,,,,,,,,,,,,,,,,,,,,,,,,,,,,,,,,,,,,,,,,,,,,,,,,,,,,,,,,,,,,,,,,,,,,,,,,,,,,,,,,,,,,,,,
137,2014-09-06 17:00:00,14.59390862944165,MT_001,,,,,,,,,,,,,,,,,,,,,,,,,,,,,,,,,,,,,,,,,,,,,,,,,,,,,,,,,,,,,,,,,,,,,,,,,,,,,,,,,,,,,,,,,,,,,,,,,,,,,,,,,,,,,,,,,,,,,,,,,,,,,,,,,,,,,,,,,,,,,,,,,,,,,,,,,,,,,,,,,,,,,,,,,,,,,,,,,,,,,,,,,,,,,,,,,,,,
138,2014-09-06 18:00:00,14.911167512690376,MT_001,,,,,,,,,,,,,,,,,,,,,,,,,,,,,,,,,,,,,,,,,,,,,,,,,,,,,,,,,,,,,,,,,,,,,,,,,,,,,,,,,,,,,,,,,,,,,,,,,,,,,,,,,,,,,,,,,,,,,,,,,,,,,,,,,,,,,,,,,,,,,,,,,,,,,,,,,,,,,,,,,,,,,,,,,,,,,,,,,,,,,,,,,,,,,,,,,,,,
139,2014-09-06 19:00:00,21.573604060913727,MT_001,,,,,,,,,,,,,,,,,,,,,,,,,,,,,,,,,,,,,,,,,,,,,,,,,,,,,,,,,,,,,,,,,,,,,,,,,,,,,,,,,,,,,,,,,,,,,,,,,,,,,,,,,,,,,,,,,,,,,,,,,,,,,,,,,,,,,,,,,,,,,,,,,,,,,,,,,,,,,,,,,,,,,,,,,,,,,,,,,,,,,,,,,,,,,,,,,,,,
140,2014-09-06 20:00:00,16.180203045685275,MT_001,,,,,,,,,,,,,,,,,,,,,,,,,,,,,,,,,,,,,,,,,,,,,,,,,,,,,,,,,,,,,,,,,,,,,,,,,,,,,,,,,,,,,,,,,,,,,,,,,,,,,,,,,,,,,,,,,,,,,,,,,,,,,,,,,,,,,,,,,,,,,,,,,,,,,,,,,,,,,,,,,,,,,,,,,,,,,,,,,,,,,,,,,,,,,,,,,,,,
141,2014-09-06 21:00:00,3.807106598984773,MT_001,,,,,,,,,,,,,,,,,,,,,,,,,,,,,,,,,,,,,,,,,,,,,,,,,,,,,,,,,,,,,,,,,,,,,,,,,,,,,,,,,,,,,,,,,,,,,,,,,,,,,,,,,,,,,,,,,,,,,,,,,,,,,,,,,,,,,,,,,,,,,,,,,,,,,,,,,,,,,,,,,,,,,,,,,,,,,,,,,,,,,,,,,,,,,,,,,,,,
142,2014-09-06 22:00:00,5.076142131979697,MT_001,,,,,,,,,,,,,,,,,,,,,,,,,,,,,,,,,,,,,,,,,,,,,,,,,,,,,,,,,,,,,,,,,,,,,,,,,,,,,,,,,,,,,,,,,,,,,,,,,,,,,,,,,,,,,,,,,,,,,,,,,,,,,,,,,,,,,,,,,,,,,,,,,,,,,,,,,,,,,,,,,,,,,,,,,,,,,,,,,,,,,,,,,,,,,,,,,,,,
143,2014-09-06 23:00:00,17.449238578680173,MT_001,,,,,,,,,,,,,,,,,,,,,,,,,,,,,,,,,,,,,,,,,,,,,,,,,,,,,,,,,,,,,,,,,,,,,,,,,,,,,,,,,,,,,,,,,,,,,,,,,,,,,,,,,,,,,,,,,,,,,,,,,,,,,,,,,,,,,,,,,,,,,,,,,,,,,,,,,,,,,,,,,,,,,,,,,,,,,,,,,,,,,,,,,,,,,,,,,,,,
144,2014-09-07 00:00:00,17.449238578680173,MT_001,45.5598258972168,,,,,,,,,,,,,,,,,,,,,,,,-17.727054595947266,,,,,,,,,,,,,,,,,,,,,,,,45.5598258972168,,,,,,,,,,,,,,,,,,,,,,,,17.24407196044922,,,,,,,,,,,,,,,,,,,,,,,,14.819009780883789,,,,,,,,,,,,,,,,,,,,,,,,0.925826907157898,,,,,,,,,,,,,,,,,,,,,,,,9.203225135803223,,,,,,,,,,,,,,,,,,,,,,,,18.809181213378906,,,,,,,,,,,,,,,,,,,,,,,,-11.541865348815918,6.471826076507568,-4.64239501953125,-5.7290544509887695
145,2014-09-07 01:00:00,17.449238578680173,MT_001,27.002344131469727,33.18928146362305,,,,,,,,,,,,,,,,,,,,,,,-26.147066116333008,33.18928146362305,,,,,,,,,,,,,,,,,,,,,,,27.002344131469727,159.9633331298828,,,,,,,,,,,,,,,,,,,,,,,9.723784446716309,13.056779861450195,,,,,,,,,,,,,,,,,,,,,,,3.7535810470581055,8.38402271270752,,,,,,,,,,,,,,,,,,,,,,,1.0041712522506714,-2.109855890274048,,,,,,,,,,,,,,,,,,,,,,,8.706890106201172,17.735525131225586,,,,,,,,,,,,,,,,,,,,,,,18.809181213378906,11.118073463439941,,,,,,,,,,,,,,,,,,,,,,,-11.541865348815918,6.46906042098999,-4.662891864776611,-5.259565353393555
146,2014-09-07 02:00:00,17.766497461928925,MT_001,36.82545852661133,36.572628021240234,-4.093017578125,,,,,,,,,,,,,,,,,,,,,,-16.211679458618164,36.572628021240234,-111.64807891845703,,,,,,,,,,,,,,,,,,,,,,36.82545852661133,157.06268310546875,140.73101806640625,,,,,,,,,,,,,,,,,,,,,,12.776588439941406,12.741021156311035,-0.06911715865135193,,,,,,,,,,,,,,,,,,,,,,10.534638404846191,11.332798957824707,5.298671245574951,,,,,,,,,,,,,,,,,,,,,,1.1272120475769043,-1.9654250144958496,-1.3445669412612915,,,,,,,,,,,,,,,,,,,,,,8.441883087158203,18.210205078125,15.765782356262207,,,,,,,,,,,,,,,,,,,,,,18.809181213378906,11.118073463439941,-8.879739761352539,,,,,,,,,,,,,,,,,,,,,,-11.541865348815918,6.466293811798096,-4.661137580871582,-5.127339839935303
147,2014-09-07 03:00:00,17.766497461928925,MT_001,31.711158752441406,45.81401824951172,2.54194974899292,25.52338218688965,,,,,,,,,,,,,,,,,,,,,-18.858348846435547,45.81401824951172,-105.0992660522461,-40.43021011352539,,,,,,,,,,,,,,,,,,,,,31.711158752441406,165.42056274414062,150.33961486816406,25.52338218688965,,,,,,,,,,,,,,,,,,,,,7.648897647857666,18.923612594604492,-1.9738895893096924,-2.1272242069244385,,,,,,,,,,,,,,,,,,,,,9.202892303466797,14.66102123260498,12.090187072753906,25.35381317138672,,,,,,,,,,,,,,,,,,,,,1.365670919418335,-1.96511709690094,-1.2058032751083374,-0.5123424530029297,,,,,,,,,,,,,,,,,,,,,9.079390525817871,17.47130012512207,16.906070709228516,-0.4549347758293152,,,,,,,,,,,,,,,,,,,,,18.809181213378906,11.118073463439941,-8.879739761352539,17.65894889831543,,,,,,,,,,,,,,,,,,,,,-11.541865348815918,6.4635233879089355,-4.639344215393066,-4.677188873291016
148,2014-09-07 04:00:00,17.449238578680202,MT_001,39.21302032470703,36.070716857910156,-8.291585922241211,25.589332580566406,42.690860748291016,,,,,,,,,,,,,,,,,,,,-18.273990631103516,36.070716857910156,-110.20194244384766,-42.83982467651367,42.690860748291016,,,,,,,,,,,,,,,,,,,,39.21302032470703,159.4207000732422,132.20574951171875,25.589332580566406,148.37261962890625,,,,,,,,,,,,,,,,,,,,16.528430938720703,18.47460174560547,-0.7387948632240295,-2.522515296936035,6.238656997680664,,,,,,,,,,,,,,,,,,,,6.235791206359863,5.364663600921631,-1.0724154710769653,24.763273239135742,14.916533470153809,,,,,,,,,,,,,,,,,,,,1.4340732097625732,-2.3180835247039795,-1.415265679359436,-0.5164604187011719,1.3713974952697754,,,,,,,,,,,,,,,,,,,,9.428722381591797,16.65463638305664,17.037799835205078,-0.5707402229309082,5.039920806884766,,,,,,,,,,,,,,,,,,,,18.809181213378906,11.118073463439941,-8.879739761352539,17.65894889831543,28.347524642944336,,,,,,,,,,,,,,,,,,,,-11.541865348815918,6.460751056671143,-4.599913120269775,-3.5421433448791504
149,2014-09-07 05:00:00,18.08375634517765,MT_001,50.93899154663086,40.50925064086914,-0.778373122215271,28.025402069091797,35.094661712646484,27.391372680664062,,,,,,,,,,,,,,,,,,,8.392687797546387,40.50925064086914,-118.00470733642578,-35.38034439086914,35.094661712646484,27.391372680664062,,,,,,,,,,,,,,,,,,,50.93899154663086,170.88421630859375,147.00436401367188,28.025402069091797,145.0543670654297,105.06859588623047,,,,,,,,,,,,,,,,,,,21.28277587890625,21.79560089111328,-0.6396276354789734,-3.5653772354125977,0.9573613405227661,10.188114166259766,,,,,,,,,,,,,,,,,,,12.158145904541016,5.3563127517700195,5.147871494293213,28.688129425048828,12.84395980834961,24.50069808959961,,,,,,,,,,,,,,,,,,,1.5512522459030151,-2.047037124633789,-1.6001560688018799,-0.34986570477485657,1.4198108911514282,1.7017722129821777,,,,,,,,,,,,,,,,,,,9.610506057739258,16.759170532226562,17.66615104675293,-1.933560848236084,3.9988763332366943,-5.299115180969238,,,,,,,,,,,,,,,,,,,18.809181213378906,11.118073463439941,-8.879739761352539,17.65894889831543,28.347524642944336,8.772773742675781,,,,,,,,,,,,,,,,,,,-11.541865348815918,6.457976818084717,-4.545407772064209,-2.8435752391815186
150,2014-09-07 06:00:00,17.449238578680173,MT_001,43.79720687866211,36.35760498046875,-6.870121479034424,30.754831314086914,34.26924514770508,20.023569107055664,31.584745407104492,,,,,,,,,,,,,,,,,,2.6203083992004395,36.35760498046875,-105.58379364013672,-31.12575340270996,34.26924514770508,20.023569107055664,-152.65504455566406,,,,,,,,,,,,,,,,,,43.79720687866211,158.46563720703125,132.7264404296875,30.754831314086914,153.88987731933594,92.93193817138672,369.0297546386719,,,,,,,,,,,,,,,,,,14.151359558105469,17.263072967529297,-7.066461086273193,3.0898277759552,-2.092932939529419,1.2518471479415894,10.837342262268066,,,,,,,,,,,,,,,,,,10.881242752075195,3.393949270248413,4.7481560707092285,22.44859504699707,12.916787147521973,24.56246566772461,16.78990936279297,,,,,,,,,,,,,,,,,,1.3541319370269775,-1.8786083459854126,-1.4548015594482422,-0.2290564626455307,1.4930113554000854,1.6188843250274658,0.032136742025613785,,,,,,,,,,,,,,,,,,10.188029289245605,18.0478572845459,17.369461059570312,-0.626747727394104,5.19158935546875,-4.595666885375977,-1.3329951763153076,,,,,,,,,,,,,,,,,,18.809181213378906,11.118073463439941,-8.879739761352539,17.65894889831543,28.347524642944336,8.772773742675781,16.8450870513916,,,,,,,,,,,,,,,,,,-11.541865348815918,6.455199718475342,-4.478509902954102,-2.0215601921081543
151,2014-09-07 07:00:00,23.4771573604061,MT_001,53.901336669921875,39.78502655029297,-2.1022398471832275,35.567989349365234,23.50514793395996,26.37138557434082,42.328033447265625,11.424277305603027,,,,,,,,,,,,,,,,,18.60605239868164,39.78502655029297,-98.68949890136719,-14.196908950805664,23.50514793395996,26.37138557434082,-144.60560607910156,-57.94490051269531,,,,,,,,,,,,,,,,,53.901336669921875,160.4447479248047,145.33816528320312,35.567989349365234,141.8135528564453,108.98717498779297,369.9866027832031,79.56411743164062,,,,,,,,,,,,,,,,,21.721498489379883,15.561807632446289,-5.523149490356445,0.989413321018219,-13.235660552978516,5.512095928192139,9.048078536987305,11.693826675415039,,,,,,,,,,,,,,,,,8.982221603393555,4.552978038787842,3.3293559551239014,25.813417434692383,9.614480018615723,23.977916717529297,24.888843536376953,1.385730504989624,,,,,,,,,,,,,,,,,1.5037181377410889,-1.9560283422470093,-1.1422910690307617,-0.16115769743919373,1.3757966756820679,1.5885140895843506,0.16197746992111206,-2.9121203422546387,,,,,,,,,,,,,,,,,11.2076997756958,18.831178665161133,18.436565399169922,-0.4096544682979584,5.725987911224365,-5.1569342613220215,-0.2929726541042328,0.9849658012390137,,,,,,,,,,,,,,,,,18.809181213378906,11.118073463439941,-8.879739761352539,17.65894889831543,28.347524642944336,8.772773742675781,16.8450870513916,8.594855308532715,,,,,,,,,,,,,,,,,-11.541865348815918,6.452421188354492,-4.401989936828613,1.168453574180603
152,2014-09-07 08:00:00,15.862944162436552,MT_001,49.45553970336914,35.72877883911133,6.6023640632629395,43.57025146484375,36.88077926635742,30.65953826904297,41.340511322021484,21.227203369140625,45.27717971801758,,,,,,,,,,,,,,,,6.1277313232421875,35.72877883911133,-86.65135955810547,-11.500347137451172,36.88077926635742,30.65953826904297,-146.72756958007812,-47.630733489990234,-124.08439636230469,,,,,,,,,,,,,,,,49.45553970336914,165.07077026367188,162.8261260986328,43.57025146484375,165.4388885498047,118.34127044677734,369.34381103515625,92.94864654541016,45.27717971801758,,,,,,,,,,,,,,,,14.821924209594727,11.533321380615234,-2.7764546871185303,10.30435562133789,-5.0333147048950195,7.242211818695068,6.4677734375,15.102869987487793,3.627314329147339,,,,,,,,,,,,,,,,7.020057678222656,-0.25884678959846497,4.341371536254883,19.154743194580078,9.811464309692383,22.754438400268555,22.553050994873047,3.9416756629943848,15.973447799682617,,,,,,,,,,,,,,,,1.3807332515716553,-2.184232234954834,-0.9292707443237305,-0.2892003059387207,1.4624497890472412,1.609619379043579,0.026285378262400627,-3.03057861328125,1.1316187381744385,,,,,,,,,,,,,,,,11.026062965393066,19.12288475036621,18.448875427246094,0.34382444620132446,5.895077705383301,-6.117089748382568,-0.9492741227149963,0.22079922258853912,8.874666213989258,,,,,,,,,,,,,,,,18.809181213378906,11.118073463439941,-8.879739761352539,17.65894889831543,28.347524642944336,8.772773742675781,16.8450870513916,8.594855308532715,19.272554397583008,,,,,,,,,,,,,,,,-11.541865348815918,6.449640274047852,-4.318663120269775,5.808471202850342
153,2014-09-07 09:00:00,15.862944162436552,MT_001,38.50250244140625,41.18228530883789,0.8608059883117676,48.37675094604492,31.952505111694336,14.192437171936035,45.521060943603516,30.046663284301758,46.67395782470703,37.48100662231445,,,,,,,,,,,,,,,-0.6594989895820618,41.18228530883789,-103.70773315429688,-15.287622451782227,31.952505111694336,14.192437171936035,-151.0987091064453,-39.50818634033203,-133.60049438476562,-10.24487018585205,,,,,,,,,,,,,,,38.50250244140625,175.38949584960938,152.68478393554688,48.37675094604492,154.37277221679688,99.28157806396484,376.1790466308594,104.7071762084961,46.67395782470703,37.48100662231445,,,,,,,,,,,,,,,10.880772590637207,10.345520973205566,0.27313119173049927,10.994303703308105,-7.917088508605957,-5.6680474281311035,10.273996353149414,19.688650131225586,1.0356855392456055,8.012979507446289,,,,,,,,,,,,,,,-2.4997947216033936,4.741936206817627,-4.998377323150635,19.120271682739258,5.187933444976807,16.85433578491211,20.41214942932129,7.508258819580078,17.063631057739258,6.613607406616211,,,,,,,,,,,,,,,1.421817421913147,-1.9102838039398193,-0.9518525004386902,-0.2719982862472534,1.518679141998291,1.8539237976074219,0.10522595047950745,-3.313322067260742,0.9032875895500183,0.0019175895722582936,,,,,,,,,,,,,,,11.410784721374512,18.407299041748047,16.93790054321289,2.395479202270508,6.335711479187012,-6.100293159484863,-0.5951476097106934,-0.9115195870399475,9.919057846069336,3.1252100467681885,,,,,,,,,,,,,,,18.809181213378906,11.118073463439941,-8.879739761352539,17.65894889831543,28.347524642944336,8.772773742675781,16.8450870513916,8.594855308532715,19.272554397583008,21.24755096435547,,,,,,,,,,,,,,,-11.541865348815918,6.44685697555542,-4.231359481811523,7.806110382080078
154,2014-09-07 10:00:00,19.67005076142133,MT_001,40.49715042114258,32.502235412597656,-6.533745288848877,46.4374885559082,14.801361083984375,9.981168746948242,40.81828308105469,20.414901733398438,37.99874496459961,25.358165740966797,13.525365829467773,,,,,,,,,,,,,,-15.987852096557617,32.502235412597656,-110.45278930664062,-13.710408210754395,14.801361083984375,9.981168746948242,-151.99026489257812,-48.824806213378906,-132.54763793945312,-19.282562255859375,-24.0772647857666,,,,,,,,,,,,,,40.49715042114258,162.54931640625,147.14752197265625,46.4374885559082,131.6627197265625,99.326171875,373.8325500488281,98.72234344482422,37.99874496459961,25.358165740966797,13.525365829467773,,,,,,,,,,,,,,12.170714378356934,13.006032943725586,0.27211692929267883,15.47101879119873,-19.256433486938477,-7.788101673126221,14.289533615112305,20.558534622192383,2.7807939052581787,4.76064920425415,5.541980266571045,,,,,,,,,,,,,,-0.3633023202419281,-5.466297149658203,-11.881916999816895,14.463251113891602,0.6051567792892456,15.648483276367188,14.161399841308594,-0.8930140733718872,8.633821487426758,-0.007987815886735916,-0.8444555997848511,,,,,,,,,,,,,,1.286535620689392,-2.2677886486053467,-0.8861057162284851,-0.40217602252960205,1.5012922286987305,2.08044171333313,0.1608825922012329,-3.512824058532715,0.7866790294647217,-0.10646383464336395,0.6590316891670227,,,,,,,,,,,,,,11.466818809509277,18.985017776489258,17.714698791503906,2.119243621826172,6.476622581481934,-5.859631538391113,-1.765819787979126,-1.4598498344421387,9.397692680358887,2.337217092514038,2.1431424617767334,,,,,,,,,,,,,,18.809181213378906,11.118073463439941,-8.879739761352539,17.65894889831543,28.347524642944336,8.772773742675781,16.8450870513916,8.594855308532715,19.272554397583008,21.24755096435547,8.898465156555176,,,,,,,,,,,,,,-11.541865348815918,6.444072246551514,-4.142877578735352,6.3678717613220215
155,2014-09-07 11:00:00,16.180203045685275,MT_001,50.708404541015625,23.447296142578125,-1.1953120231628418,41.16653823852539,30.685142517089844,24.061954498291016,37.08735275268555,7.558107852935791,28.44548797607422,31.61347770690918,21.141836166381836,-1.349628210067749,,,,,,,,,,,,,12.54129695892334,23.447296142578125,-92.41856384277344,-16.506980895996094,30.685142517089844,24.061954498291016,-158.0531005859375,-62.418212890625,-138.02667236328125,-7.558047771453857,-17.87560272216797,-1.349628210067749,,,,,,,,,,,,,50.708404541015625,148.8944549560547,147.84349060058594,41.16653823852539,149.760009765625,112.71234130859375,368.8721923828125,79.28374481201172,28.44548797607422,31.61347770690918,21.141836166381836,-1.349628210067749,,,,,,,,,,,,,19.540380477905273,12.413664817810059,4.601122856140137,11.289063453674316,-4.0840559005737305,9.176399230957031,13.846901893615723,14.295944213867188,-4.069884300231934,10.922171592712402,17.67482566833496,7.0475945472717285,,,,,,,,,,,,,3.805779457092285,-12.703337669372559,-8.898148536682129,14.56215763092041,2.7626278400421143,14.41973876953125,12.292852401733398,-6.611224174499512,5.213791847229004,0.9191999435424805,-4.0685343742370605,-11.1234769821167,,,,,,,,,,,,,1.289359450340271,-2.164494514465332,-1.0396078824996948,-0.13642753660678864,1.2444796562194824,1.9588208198547363,0.06204025074839592,-3.649914503097534,0.9474949240684509,0.034031592309474945,0.8151542544364929,-1.075632929801941,,,,,,,,,,,,,11.173462867736816,18.69314956665039,16.93082046508789,1.7025526762008667,6.324326038360596,-6.356020927429199,-2.049769878387451,-1.161792278289795,10.991292953491211,2.4002857208251953,1.7316842079162598,9.031046867370605,,,,,,,,,,,,,18.809181213378906,11.118073463439941,-8.879739761352539,17.65894889831543,28.347524642944336,8.772773742675781,16.8450870513916,8.594855308532715,19.272554397583008,21.24755096435547,8.898465156555176,-1.3193988800048828,,,,,,,,,,,,,-11.541865348815918,6.441284656524658,-4.055952548980713,5.246772766113281
156,2014-09-07 12:00:00,16.180203045685275,MT_001,44.9770393371582,28.850872039794922,5.0707268714904785,40.66447448730469,30.32741355895996,15.831623077392578,32.522518157958984,2.0588462352752686,21.946475982666016,40.6054573059082,21.199739456176758,6.075817584991455,13.439245223999023,,,,,,,,,,,,1.028389811515808,28.850872039794922,-101.79129028320312,-22.291210174560547,30.32741355895996,15.831623077392578,-164.984130859375,-72.74115753173828,-138.0826873779297,-3.8680875301361084,-19.525495529174805,6.075817584991455,-66.06182098388672,,,,,,,,,,,,44.9770393371582,152.9116668701172,148.67127990722656,40.66447448730469,152.9440460205078,108.34025573730469,363.92279052734375,78.23979949951172,21.946475982666016,40.6054573059082,21.199739456176758,6.075817584991455,13.439245223999023,,,,,,,,,,,,19.965011596679688,15.569275856018066,9.958422660827637,7.512655258178711,-3.5693328380584717,1.1345645189285278,12.934941291809082,7.958432197570801,-16.002595901489258,18.520845413208008,12.094379425048828,9.333457946777344,15.271970748901367,,,,,,,,,,,,-2.2806389331817627,-12.151641845703125,-8.479266166687012,18.65467643737793,1.2231292724609375,14.098906517028809,7.049576282501221,-6.592706680297852,8.3445405960083,2.42138671875,0.564482569694519,-5.9070916175842285,0.7820122241973877,,,,,,,,,,,,1.0866683721542358,-2.1919896602630615,-0.9627173542976379,-0.12003184854984283,1.3895002603530884,1.6869864463806152,0.04137522354722023,-3.90779447555542,0.8897315859794617,0.05648348107933998,0.8453758358955383,-1.1125489473342896,0.607216477394104,,,,,,,,,,,,10.58955192565918,19.699892044067383,16.626766204833984,0.15096546709537506,6.129333019256592,-6.668870449066162,-1.1557260751724243,-0.8012006282806396,12.634987831115723,1.5519235134124756,1.9897749423980713,8.274139404296875,1.581934928894043,,,,,,,,,,,,18.809181213378906,11.118073463439941,-8.879739761352539,17.65894889831543,28.347524642944336,8.772773742675781,16.8450870513916,8.594855308532715,19.272554397583008,21.24755096435547,8.898465156555176,-1.3193988800048828,-1.6111506223678589,,,,,,,,,,,,-11.541865348815918,6.438496112823486,-3.973217010498047,5.883847236633301
157,2014-09-07 13:00:00,15.862944162436552,MT_001,42.91183853149414,39.73344039916992,2.481015682220459,32.19904708862305,28.082666397094727,13.55908489227295,35.3675422668457,16.054643630981445,33.99370193481445,30.807621002197266,13.729151725769043,-2.006720781326294,17.671052932739258,4.156439781188965,,,,,,,,,,,-4.591593265533447,39.73344039916992,-122.6924819946289,-37.173458099365234,28.082666397094727,13.55908489227295,-154.22149658203125,-67.30879211425781,-125.11058044433594,-8.983587265014648,-42.28226852416992,-2.006720781326294,-62.0175895690918,-92.16173553466797,,,,,,,,,,,42.91183853149414,169.04112243652344,149.0343780517578,32.19904708862305,146.4555206298828,91.79093170166016,355.36419677734375,87.87506103515625,33.99370193481445,30.807621002197266,13.729151725769043,-2.006720781326294,17.671052932739258,225.4644775390625,,,,,,,,,,,18.98442268371582,21.60672378540039,-0.03631048649549484,7.525572299957275,-13.261565208435059,4.189499378204346,13.681401252746582,12.344605445861816,-1.1040743589401245,9.306819915771484,10.373300552368164,7.35319185256958,14.175948143005371,-0.8996225595474243,,,,,,,,,,,-1.2610477209091187,-7.7319416999816895,-1.607513189315796,11.273797035217285,8.409173011779785,9.261371612548828,9.8024320602417,2.7375495433807373,6.463064670562744,3.7208340167999268,-3.643864393234253,-11.145380973815918,6.581171989440918,-9.295222282409668,,,,,,,,,,,0.9148820638656616,-2.0683717727661133,-1.0603464841842651,-0.05976511538028717,1.3352071046829224,1.653716802597046,0.2187747061252594,-3.568082094192505,0.8145859837532043,0.195730060338974,0.8435006141662598,-0.9714274406433105,0.760701060295105,-2.47341251373291,,,,,,,,,,,9.338985443115234,20.683536529541016,17.939510345458984,-0.32492321729660034,7.126911163330078,-6.443691253662109,-1.3055689334869385,-0.179701566696167,12.422152519226074,0.2112657129764557,1.1323349475860596,7.95088005065918,1.6389658451080322,15.301592826843262,,,,,,,,,,,18.809181213378906,11.118073463439941,-8.879739761352539,17.65894889831543,28.347524642944336,8.772773742675781,16.8450870513916,8.594855308532715,19.272554397583008,21.24755096435547,8.898465156555176,-1.3193988800048828,-1.6111506223678589,5.397689342498779,,,,,,,,,,,-11.541865348815918,6.435704231262207,-3.8971669673919678,5.128742694854736
158,2014-09-07 14:00:00,15.862944162436552,MT_001,52.81444549560547,34.9217529296875,-1.329943299293518,38.92451477050781,23.955312728881836,17.333267211914062,43.12754440307617,7.902107238769531,29.480384826660156,26.630659103393555,30.12938690185547,-6.430057048797607,6.785007476806641,-1.7388924360275269,2.2817132472991943,,,,,,,,,,-2.4088406562805176,34.9217529296875,-115.45927429199219,-27.13762092590332,23.955312728881836,17.333267211914062,-156.7994842529297,-67.96379089355469,-135.3877410888672,-24.853303909301758,-20.481740951538086,-6.430057048797607,-66.44951629638672,-99.97858428955078,2.2817132472991943,,,,,,,,,,52.81444549560547,173.2370147705078,142.53665161132812,38.92451477050781,149.0841827392578,108.41323852539062,360.6772155761719,71.86788177490234,29.480384826660156,26.630659103393555,30.12938690185547,-6.430057048797607,6.785007476806641,209.6831512451172,39.89787673950195,,,,,,,,,,18.884395599365234,17.015146255493164,-0.15025964379310608,14.690129280090332,-9.28925895690918,0.37258803844451904,19.104299545288086,16.29878807067871,-1.808120608329773,8.24193000793457,22.14186668395996,4.789060592651367,8.996615409851074,-3.5758519172668457,3.221750497817993,,,,,,,,,,13.421270370483398,-4.617954730987549,-2.632211685180664,14.843568801879883,2.1998069286346436,20.626588821411133,14.66010856628418,-6.73305082321167,6.992243766784668,3.5569887161254883,3.9050705432891846,-9.554452896118164,2.8057892322540283,-9.632271766662598,-13.645840644836426,,,,,,,,,,0.7297995090484619,-2.1248390674591064,-1.291944146156311,-0.45269012451171875,1.4424012899398804,1.7708852291107178,0.02096162922680378,-3.753384590148926,0.8949918746948242,0.03325692564249039,0.9995326399803162,-1.1069780588150024,0.9837591052055359,-2.41308331489563,0.3822135627269745,,,,,,,,,,8.022865295410156,20.584392547607422,18.67727279663086,-0.7623857259750366,8.307901382446289,-7.156508922576904,-0.44984930753707886,0.5479592084884644,11.181777954101562,0.6039944291114807,1.237513542175293,7.814773082733154,2.663054943084717,15.53768539428711,10.500961303710938,,,,,,,,,,18.809181213378906,11.118073463439941,-8.879739761352539,17.65894889831543,28.347524642944336,8.772773742675781,16.8450870513916,8.594855308532715,19.272554397583008,21.24755096435547,8.898465156555176,-1.3193988800048828,-1.6111506223678589,5.397689342498779,8.875689506530762,,,,,,,,,,-11.541865348815918,6.432909965515137,-3.830127716064453,1.8860218524932861
159,2014-09-07 15:00:00,15.545685279187826,MT_001,44.4091796875,39.566162109375,0.4196600317955017,41.38961410522461,19.543912887573242,9.861698150634766,36.53043746948242,6.470010757446289,31.26579475402832,27.57040786743164,18.61172866821289,-15.722148895263672,8.86223030090332,-5.203454494476318,10.035944938659668,-12.702942848205566,,,,,,,,,-26.92550277709961,39.566162109375,-104.54529571533203,-25.21181297302246,19.543912887573242,9.861698150634766,-162.88955688476562,-50.07126235961914,-127.14351654052734,-30.638399124145508,-18.26749610900879,-15.722148895263672,-45.81060791015625,-96.85514068603516,10.035944938659668,-149.58334350585938,,,,,,,,,44.4091796875,168.39071655273438,136.7928466796875,41.38961410522461,150.4777374267578,105.7121353149414,370.12481689453125,69.44168853759766,31.26579475402832,27.57040786743164,18.61172866821289,-15.722148895263672,8.86223030090332,206.0647735595703,43.04610061645508,90.41365051269531,,,,,,,,,12.758886337280273,17.280683517456055,1.6634116172790527,11.109922409057617,-15.534342765808105,-3.9060306549072266,17.53138542175293,10.405755043029785,-0.6434460878372192,11.260161399841309,16.502418518066406,-5.436450481414795,8.317262649536133,-7.146700382232666,5.65396785736084,-12.744929313659668,,,,,,,,,11.785728454589844,1.2217049598693848,-0.31902968883514404,22.32534408569336,5.27187442779541,19.092063903808594,12.22458267211914,0.002271566540002823,10.065820693969727,6.268136024475098,-0.7608848810195923,-6.594305992126465,8.281399726867676,-6.43657922744751,-7.20865535736084,-4.679251670837402,,,,,,,,,1.0417017936706543,-2.363736152648926,-1.1931689977645874,-0.37041711807250977,1.3924728631973267,1.9506052732467651,0.038744792342185974,-3.814082622528076,0.823428213596344,-0.13863809406757355,1.2810933589935303,-1.334530234336853,1.1938813924789429,-2.412196159362793,0.6530194282531738,-0.42055797576904297,,,,,,,,,9.026147842407227,21.321901321411133,18.160655975341797,-0.3217169940471649,9.078852653503418,-7.035243988037109,-1.0968953371047974,0.29367977380752563,10.759904861450195,-2.054337501525879,1.7031053304672241,7.975005149841309,1.6933077573776245,14.406801223754883,11.07439136505127,5.143394947052002,,,,,,,,,18.809181213378906,11.118073463439941,-8.879739761352539,17.65894889831543,28.347524642944336,8.772773742675781,16.8450870513916,8.594855308532715,19.272554397583008,21.24755096435547,8.898465156555176,-1.3193988800048828,-1.6111506223678589,5.397689342498779,8.875689506530762,9.010869979858398,,,,,,,,,-11.541865348815918,6.430116176605225,-3.7742228507995605,-0.12649676203727722
160,2014-09-07 16:00:00,14.911167512690376,MT_001,52.46272659301758,43.6625862121582,-8.627001762390137,42.33095169067383,25.69288444519043,25.336381912231445,43.03797912597656,14.906277656555176,33.65615463256836,28.01454734802246,26.278522491455078,-7.352720737457275,5.9869513511657715,7.620611190795898,26.833419799804688,-2.874708890914917,22.335391998291016,,,,,,,,-15.119828224182129,43.6625862121582,-123.41859436035156,-12.303570747375488,25.69288444519043,25.336381912231445,-161.68667602539062,-51.90508270263672,-135.57334899902344,-22.709577560424805,-5.055932998657227,-7.352720737457275,-64.26273345947266,-84.67234802246094,26.833419799804688,-132.09371948242188,-132.4467315673828,,,,,,,,52.46272659301758,173.1354522705078,143.4218292236328,42.33095169067383,137.7704315185547,105.11439514160156,364.54547119140625,75.9530258178711,33.65615463256836,28.01454734802246,26.278522491455078,-7.352720737457275,5.9869513511657715,216.0491943359375,58.7164421081543,114.46015930175781,150.74008178710938,,,,,,,,12.265702247619629,23.012008666992188,-9.290580749511719,7.2370924949646,-18.049909591674805,5.66563081741333,15.82793140411377,5.710799217224121,-8.150598526000977,13.327773094177246,19.40093231201172,-2.7944798469543457,3.9231088161468506,5.288784980773926,21.82343101501465,-10.351766586303711,-2.4813807010650635,,,,,,,,18.822418212890625,-2.1944305896759033,0.2536770701408386,24.353534698486328,12.487767219543457,23.672433853149414,20.518436431884766,11.09300422668457,17.78665542602539,3.0792572498321533,4.1324543952941895,-3.8946478366851807,9.287205696105957,-6.901866436004639,-7.1872758865356445,1.3138680458068848,0.5176766514778137,,,,,,,,1.239358901977539,-2.3871796131134033,-1.090935230255127,-0.5767670273780823,1.612816333770752,1.938124656677246,-0.0017864846158772707,-3.6619064807891846,0.7139650583267212,-0.05771623179316521,1.4678372144699097,-1.4725496768951416,1.2265384197235107,-2.291774272918701,0.49530768394470215,-0.26555335521698,0.47851428389549255,,,,,,,,9.215201377868652,22.00324821472168,18.269710540771484,1.5472708940505981,9.183821678161621,-6.823446273803711,-2.262558698654175,1.0586615800857544,11.92271900177002,-1.693185567855835,0.2679654359817505,10.01749038696289,1.0503852367401123,14.016913414001465,10.715401649475098,5.307008743286133,16.463726043701172,,,,,,,,18.809181213378906,11.118073463439941,-8.879739761352539,17.65894889831543,28.347524642944336,8.772773742675781,16.8450870513916,8.594855308532715,19.272554397583008,21.24755096435547,8.898465156555176,-1.3193988800048828,-1.6111506223678589,5.397689342498779,8.875689506530762,9.010869979858398,15.245990753173828,,,,,,,,-11.541865348815918,6.427319526672363,-3.731348991394043,0.9567592144012451
161,2014-09-07 17:00:00,15.2284263959391,MT_001,43.73311233520508,39.9947509765625,-3.056257724761963,34.8350715637207,22.95473289489746,22.625638961791992,47.93452453613281,27.416107177734375,42.64570999145508,35.580841064453125,27.409149169921875,-5.337416648864746,15.928800582885742,12.324382781982422,32.7011833190918,0.4956735670566559,35.525596618652344,19.69065284729004,,,,,,,-35.15781021118164,39.9947509765625,-131.58731079101562,-26.502668380737305,22.95473289489746,22.625638961791992,-154.1111602783203,-53.644691467285156,-137.9851837158203,-13.749855995178223,-21.83096694946289,-5.337416648864746,-65.5124282836914,-81.55818176269531,32.7011833190918,-124.41941833496094,-118.48562622070312,-85.93395233154297,,,,,,,43.73311233520508,178.97215270996094,134.2483367919922,34.8350715637207,132.67376708984375,90.35356903076172,374.6047058105469,86.9675521850586,42.64570999145508,35.580841064453125,27.409149169921875,-5.337416648864746,15.928800582885742,235.29769897460938,72.90232849121094,116.5987319946289,172.0049285888672,122.67343139648438,,,,,,,10.083352088928223,17.403093338012695,-6.875642776489258,4.265802383422852,-17.737642288208008,2.7145745754241943,16.762754440307617,14.727892875671387,-1.4509618282318115,12.90555477142334,15.004881858825684,-6.821694374084473,6.677491664886475,-1.4065589904785156,17.725933074951172,-6.859531879425049,7.195762634277344,-5.478224754333496,,,,,,,12.620908737182617,-0.5766153335571289,2.0970072746276855,18.67336082458496,9.589301109313965,22.47672462463379,23.20207405090332,15.784789085388184,18.26784324645996,10.23536491394043,10.166749954223633,1.7914692163467407,16.616666793823242,2.2097315788269043,0.3804625868797302,-0.16246160864830017,4.208096504211426,12.718185424804688,,,,,,,1.531139612197876,-2.429002285003662,-1.105686902999878,-0.4364381432533264,1.6871109008789062,2.2430202960968018,0.15592433512210846,-3.7629692554473877,0.8003016710281372,-0.24211086332798004,1.6053627729415894,-1.55581533908844,1.2870619297027588,-2.133683681488037,0.41998881101608276,-0.09346778690814972,0.27083835005760193,1.079476237297058,,,,,,,7.827059745788574,21.61773681640625,18.846338272094727,1.811928629875183,8.206974029541016,-6.442922115325928,-1.8927857875823975,-0.7899238467216492,12.89450454711914,-1.426986813545227,-1.1277762651443481,9.706557273864746,0.09726393967866898,15.395739555358887,12.437641143798828,5.738798141479492,15.743436813354492,2.4591591358184814,,,,,,,18.809181213378906,11.118073463439941,-8.879739761352539,17.65894889831543,28.347524642944336,8.772773742675781,16.8450870513916,8.594855308532715,19.272554397583008,21.24755096435547,8.898465156555176,-1.3193988800048828,-1.6111506223678589,5.397689342498779,8.875689506530762,9.010869979858398,15.245990753173828,16.05059242248535,,,,,,,-11.541865348815918,6.4245219230651855,-3.7031466960906982,1.681956171989441
162,2014-09-07 18:00:00,15.2284263959391,MT_001,41.524112701416016,39.31129837036133,-8.385141372680664,44.968299865722656,20.060726165771484,15.677289009094238,39.182071685791016,20.754377365112305,25.485088348388672,33.98935317993164,31.622257232666016,1.7857791185379028,17.655492782592773,8.674802780151367,24.869976043701172,-12.774633407592773,34.96876525878906,24.378192901611328,6.62235689163208,,,,,,-39.6551513671875,39.31129837036133,-133.0264129638672,-26.025672912597656,20.060726165771484,15.677289009094238,-167.44883728027344,-72.56234741210938,-155.47738647460938,-24.273151397705078,-15.629915237426758,1.7857791185379028,-73.51417541503906,-92.29903411865234,22.870521545410156,-135.56539916992188,-136.2371826171875,-90.60425567626953,0.37727800011634827,,,,,,41.524112701416016,165.3682098388672,123.08655548095703,44.968299865722656,117.51751708984375,96.43880462646484,366.67901611328125,76.9023208618164,25.485088348388672,33.98935317993164,31.622257232666016,1.7857791185379028,17.655492782592773,224.10487365722656,55.02644348144531,97.3258285522461,178.26841735839844,120.42743682861328,19.19218635559082,,,,,,9.685697555541992,14.652649879455566,-13.33557415008545,10.948079109191895,-21.59775161743164,4.170831680297852,11.815510749816895,13.768402099609375,-7.13422155380249,13.869783401489258,18.621273040771484,2.0093626976013184,12.60800838470459,-2.157280206680298,6.9138569831848145,-12.899679183959961,10.48991870880127,-0.21855147182941437,-4.327795028686523,,,,,,13.186004638671875,2.8210201263427734,4.478201866149902,25.506786346435547,12.814848899841309,17.541120529174805,21.484800338745117,11.826146125793457,7.319761276245117,8.990598678588867,11.815226554870605,2.428312301635742,14.032024383544922,0.7206674218177795,5.286367416381836,-4.77935791015625,2.007401943206787,14.679197311401367,-0.7859570384025574,,,,,,1.627518653869629,-2.5609912872314453,-0.8381882309913635,-0.42782190442085266,1.8239786624908447,2.171764373779297,0.3506825566291809,-3.979264974594116,0.5262010097503662,-0.18297861516475677,1.9729528427124023,-1.6591570377349854,1.4472051858901978,-1.9835306406021118,0.3061732053756714,-0.1961010843515396,0.2425099015235901,1.1179767847061157,1.658299446105957,,,,,,7.3666558265686035,22.431488037109375,19.34110450744629,0.4332464039325714,7.823071002960205,-7.828255653381348,-2.163062572479248,-0.30481699109077454,14.651735305786133,-0.7846568822860718,-0.5347149968147278,9.477604866027832,0.3303518295288086,15.848201751708984,12.638835906982422,5.240580081939697,16.133892059326172,1.8999203443527222,11.1038179397583,,,,,,18.809181213378906,11.118073463439941,-8.879739761352539,17.65894889831543,28.347524642944336,8.772773742675781,16.8450870513916,8.594855308532715,19.272554397583008,21.24755096435547,8.898465156555176,-1.3193988800048828,-1.6111506223678589,5.397689342498779,8.875689506530762,9.010869979858398,15.245990753173828,16.05059242248535,8.124937057495117,,,,,,-11.541865348815918,6.421722412109375,-3.6909780502319336,-0.3398243486881256
163,2014-09-07 19:00:00,16.497461928934005,MT_001,49.28908920288086,43.112125396728516,-6.552645206451416,43.750614166259766,14.57431697845459,13.593271255493164,32.85511016845703,20.24755096435547,25.32096290588379,32.614864349365234,25.506532669067383,-9.408720970153809,14.897211074829102,2.7587192058563232,20.748437881469727,-20.215404510498047,22.834453582763672,13.518911361694336,6.816716194152832,-27.2372989654541,,,,,-31.119970321655273,43.112125396728516,-124.83453369140625,-36.225223541259766,14.57431697845459,13.593271255493164,-171.41575622558594,-69.41390228271484,-148.16160583496094,-29.628250122070312,-23.903112411499023,-9.408720970153809,-65.66690063476562,-103.12088012695312,20.748437881469727,-146.22340393066406,-138.1193389892578,-93.05904388427734,4.842034339904785,-80.63118743896484,,,,,49.28908920288086,164.01734924316406,122.73311614990234,43.750614166259766,116.64342498779297,93.5316390991211,353.1914367675781,71.90953826904297,25.32096290588379,32.614864349365234,25.506532669067383,-9.408720970153809,14.897211074829102,209.56788635253906,54.76444625854492,93.31260681152344,167.25973510742188,97.74490356445312,6.816716194152832,50.56858444213867,,,,,18.680801391601562,23.71684455871582,-9.564555168151855,19.33517074584961,-17.933059692382812,7.511641025543213,10.270646095275879,15.282279014587402,-12.666500091552734,16.630359649658203,15.681583404541016,0.9248598217964172,9.001424789428711,-5.970289707183838,10.1456937789917,-10.781566619873047,2.6539738178253174,-6.65167236328125,3.833083391189575,-16.816082000732422,,,,,13.585790634155273,-0.7118869423866272,4.358590602874756,17.872207641601562,6.3640336990356445,14.223487854003906,18.575279235839844,11.47469425201416,15.807229042053223,5.574944496154785,11.22243595123291,-6.595137119293213,16.207529067993164,0.5659132599830627,-0.09436096251010895,-12.525712966918945,-0.7587931752204895,13.547898292541504,-7.635178565979004,-0.9019266963005066,,,,,1.3549970388412476,-2.757812738418579,-0.9028803706169128,-0.44858798384666443,1.8113579750061035,2.0880980491638184,0.38232532143592834,-3.9912073612213135,0.579931378364563,-0.21036626398563385,2.111110210418701,-1.408571481704712,1.4892704486846924,-1.8568545579910278,0.06381602585315704,-0.03135531023144722,0.38913995027542114,1.131251573562622,2.1738765239715576,-0.5949324369430542,,,,,7.920348644256592,22.808937072753906,19.49797248840332,0.3949128985404968,7.0464935302734375,-7.940699100494385,-2.1561906337738037,-0.051037710160017014,13.38978099822998,0.43440690636634827,-1.3450285196304321,10.051560401916504,0.872170090675354,15.684295654296875,12.819633483886719,5.174393177032471,16.36617660522461,0.5028747916221619,11.38202953338623,-0.163556307554245,,,,,18.809181213378906,11.118073463439941,-8.879739761352539,17.65894889831543,28.347524642944336,8.772773742675781,16.8450870513916,8.594855308532715,19.272554397583008,21.24755096435547,8.898465156555176,-1.3193988800048828,-1.6111506223678589,5.397689342498779,8.875689506530762,9.010869979858398,15.245990753173828,16.05059242248535,8.124937057495117,2.3012311458587646,,,,,-11.541865348815918,6.418920040130615,-3.6959145069122314,-2.243173599243164
164,2014-09-07 20:00:00,3.17258883248731,MT_001,42.13825225830078,46.957977294921875,-3.1657090187072754,29.33431053161621,27.620101928710938,22.608135223388672,31.595216751098633,20.188610076904297,24.535066604614258,33.14848709106445,30.137493133544922,-12.600680351257324,11.514655113220215,2.506415367126465,11.77359390258789,-23.061962127685547,21.748266220092773,10.819143295288086,7.476383686065674,-20.709030151367188,25.00066375732422,,,,-42.287288665771484,46.957977294921875,-113.32979583740234,-35.28365707397461,27.620101928710938,22.608135223388672,-177.91946411132812,-62.9532585144043,-145.0402374267578,-24.498287200927734,-15.22629165649414,-12.600680351257324,-73.41342163085938,-90.30549621582031,11.77359390258789,-139.6145477294922,-130.0483856201172,-86.71626281738281,7.476383686065674,-68.0636978149414,5.40362024307251,,,,42.13825225830078,163.25961303710938,136.2049102783203,29.33431053161621,128.7467498779297,97.24510955810547,360.1666564941406,82.42048645019531,24.535066604614258,33.14848709106445,30.137493133544922,-12.600680351257324,11.514655113220215,209.52467346191406,48.53355407714844,89.70406341552734,160.9878387451172,98.38658142089844,7.476383686065674,53.07870864868164,185.00167846679688,,,,11.236638069152832,26.476364135742188,-8.281049728393555,9.447234153747559,-13.75437068939209,11.692647933959961,14.658366203308105,21.305524826049805,-8.819933891296387,18.826148986816406,16.0610408782959,-0.9230501651763916,8.04155445098877,-1.634750247001648,8.699115753173828,-11.140836715698242,-4.391331672668457,-11.886722564697266,1.1324193477630615,-14.772130966186523,1.9234285354614258,,,,13.042271614074707,0.037087660282850266,5.728601455688477,13.117071151733398,14.865572929382324,18.276750564575195,13.069231986999512,5.018303871154785,11.070755004882812,2.1738834381103516,14.64907169342041,-8.767306327819824,12.802440643310547,-4.231008529663086,-8.2040376663208,-14.878220558166504,3.0578253269195557,14.883341789245605,-4.936872959136963,2.8182027339935303,17.584257125854492,,,,1.2803199291229248,-2.746934175491333,-0.8992344737052917,-0.43638527393341064,1.7789702415466309,2.2326080799102783,0.09903156757354736,-4.1352996826171875,0.5377387404441833,-0.4171307682991028,1.9145535230636597,-0.918655276298523,1.3212031126022339,-1.6685194969177246,0.1631082445383072,-0.3055839240550995,0.8358627557754517,1.1649682521820068,2.0856900215148926,-0.7308773994445801,0.23814329504966736,,,,8.180402755737305,22.48395347595215,19.576282501220703,-0.041994351893663406,6.792972087860107,-7.956076622009277,-2.6659352779388428,-0.18420924246311188,12.884517669677734,1.7286020517349243,-0.9750716090202332,9.738296508789062,1.3711730241775513,15.053571701049805,12.650285720825195,4.66237735748291,17.41048240661621,1.0175302028656006,11.4807767868042,0.08511283993721008,2.9951789379119873,,,,18.809181213378906,11.118073463439941,-8.879739761352539,17.65894889831543,28.347524642944336,8.772773742675781,16.8450870513916,8.594855308532715,19.272554397583008,21.24755096435547,8.898465156555176,-1.3193988800048828,-1.6111506223678589,5.397689342498779,8.875689506530762,9.010869979858398,15.245990753173828,16.05059242248535,8.124937057495117,2.3012311458587646,12.670223236083984,,,,-11.541865348815918,6.416117191314697,-3.718715190887451,-1.5661035776138306
165,2014-09-07 21:00:00,8.565989847715734,MT_001,34.78434371948242,41.429405212402344,3.189568042755127,40.132537841796875,26.08693504333496,11.695195198059082,29.024391174316406,18.235157012939453,31.974523544311523,37.98044204711914,11.784133911132812,-8.953978538513184,14.010603904724121,2.414763927459717,19.398178100585938,-12.215165138244629,25.367643356323242,17.12139892578125,6.127240180969238,-23.102941513061523,23.704092025756836,3.6591153144836426,,,-43.394676208496094,41.429405212402344,-109.68414306640625,-32.242088317871094,26.08693504333496,11.695195198059082,-174.00621032714844,-52.3909797668457,-140.7285919189453,-11.181242942810059,-39.76727294921875,-8.953978538513184,-66.57768249511719,-99.67479705810547,19.398178100585938,-140.62644958496094,-123.7688980102539,-87.93709564208984,6.127240180969238,-80.94701385498047,-4.188121318817139,3.6591153144836426,,,34.78434371948242,169.25070190429688,143.6712646484375,40.132537841796875,133.00689697265625,95.044189453125,365.7521057128906,79.92293548583984,31.974523544311523,37.98044204711914,11.784133911132812,-8.953978538513184,14.010603904724121,203.32826232910156,42.38780975341797,97.32401275634766,172.59239196777344,103.15581512451172,10.449250221252441,44.69686508178711,189.2615509033203,3.6591153144836426,,,6.116002559661865,18.995983123779297,-1.184422254562378,13.416521072387695,-17.985055923461914,-2.748584508895874,17.12796974182129,16.367605209350586,-5.982784271240234,21.559043884277344,4.555590629577637,-2.588637590408325,9.387678146362305,-2.25137996673584,8.52544116973877,-5.9153265953063965,0.26613861322402954,-7.255730628967285,-1.3370777368545532,-12.010427474975586,4.963575839996338,2.925790548324585,,,7.7564263343811035,0.645035982131958,3.82187819480896,19.73357582092285,17.597501754760742,22.451723098754883,6.904626846313477,5.873212814331055,14.441642761230469,3.696167230606079,6.772738933563232,-4.74867057800293,13.417236328125,-3.8887202739715576,-1.7247103452682495,-9.808539390563965,1.6631239652633667,15.682171821594238,-5.255672454833984,-2.806678056716919,14.087628364562988,19.927343368530273,,,1.2875657081604004,-2.70499324798584,-1.1694042682647705,-0.4610457718372345,2.002777338027954,2.3500406742095947,0.031593091785907745,-3.92716121673584,0.7971118092536926,-0.367306113243103,1.8600910902023315,-0.9265177845954895,1.233381986618042,-1.7191587686538696,0.19845044612884521,-0.34385016560554504,1.0503164529800415,1.2188326120376587,2.0239195823669434,-0.7973410487174988,0.2560890018939972,-0.6409640908241272,,,10.499382019042969,23.05951690673828,20.285465240478516,-0.5312530994415283,5.808398246765137,-9.44654655456543,-2.2006759643554688,1.0108537673950195,13.130208015441895,1.5291892290115356,-0.6185422539710999,10.313455581665039,1.2676674127578735,14.56054401397705,13.207518577575684,4.525890827178955,16.826284408569336,1.1097434759140015,12.255343437194824,-0.10551685094833374,1.4107881784439087,-7.2375359535217285,,,18.809181213378906,11.118073463439941,-8.879739761352539,17.65894889831543,28.347524642944336,8.772773742675781,16.8450870513916,8.594855308532715,19.272554397583008,21.24755096435547,8.898465156555176,-1.3193988800048828,-1.6111506223678589,5.397689342498779,8.875689506530762,9.010869979858398,15.245990753173828,16.05059242248535,8.124937057495117,2.3012311458587646,12.670223236083984,-1.6313085556030273,,,-11.541865348815918,6.413311958312988,-3.7598233222961426,-0.7958327531814575
166,2014-09-07 22:00:00,16.497461928934,MT_001,42.22477340698242,30.696063995361328,-5.495320796966553,38.47471237182617,19.14568328857422,19.308969497680664,26.048377990722656,24.607017517089844,37.706180572509766,30.530603408813477,15.171428680419922,-12.6963472366333,13.605203628540039,8.831279754638672,28.88849639892578,-5.564567565917969,24.818971633911133,22.776567459106445,15.658100128173828,-12.0728178024292,32.051177978515625,-2.018465042114258,26.28008270263672,,-40.846248626708984,30.696063995361328,-136.29115295410156,-50.38416290283203,19.14568328857422,19.308969497680664,-187.9034881591797,-51.24380111694336,-149.1488037109375,-21.970670700073242,-51.355777740478516,-12.6963472366333,-66.2245101928711,-98.01261138916016,28.88849639892578,-141.59176635742188,-133.06178283691406,-98.8544692993164,15.047653198242188,-69.59883880615234,5.086404800415039,-2.018465042114258,-58.52585983276367,,42.22477340698242,170.97776794433594,140.82052612304688,38.47471237182617,130.7978515625,122.21920776367188,368.9978942871094,98.5505599975586,37.706180572509766,30.530603408813477,15.171428680419922,-12.6963472366333,13.605203628540039,215.28004455566406,65.3846435546875,109.69902801513672,182.83718872070312,119.98819732666016,38.543785095214844,62.91036605834961,200.10572814941406,-2.018465042114258,219.6952362060547,,11.71226978302002,16.270336151123047,-2.8702712059020996,13.934650421142578,-17.79437828063965,-0.017399808391928673,15.151750564575195,19.718154907226562,-0.6488530039787292,13.379244804382324,9.155722618103027,-6.505105495452881,7.517944812774658,-2.378507137298584,15.771620750427246,-10.434683799743652,-4.0636396408081055,-3.343391180038452,4.735203742980957,-12.474841117858887,8.008926391601562,1.2348757982254028,14.284977912902832,,10.98474407196045,-5.680423259735107,0.052771203219890594,18.695405960083008,13.416726112365723,28.669462203979492,8.904341697692871,10.041860580444336,17.156206130981445,7.436863422393799,7.336136817932129,-3.8196585178375244,15.978034019470215,5.081999778747559,2.5825107097625732,2.1328325271606445,6.893485069274902,19.683277130126953,-0.6514069437980652,10.498946189880371,21.4509334564209,17.93204116821289,8.838593482971191,,1.345481514930725,-2.517627239227295,-1.2528949975967407,-0.5171018242835999,1.822861671447754,2.2493083477020264,0.21574890613555908,-3.8432657718658447,1.0060890913009644,-0.3286055624485016,1.9489434957504272,-0.9489868879318237,1.2949929237365723,-1.98110032081604,0.27426478266716003,-0.1415480524301529,1.262315034866333,1.3734827041625977,2.0957539081573486,-0.6418237686157227,0.4138382375240326,-0.9162924289703369,-0.6600976586341858,,10.900748252868652,23.033363342285156,18.98246955871582,0.23046009242534637,4.880606651306152,-8.837519645690918,-3.5408942699432373,1.623070478439331,12.447844505310059,0.32320740818977356,-0.6401821374893188,11.424459457397461,1.9530415534973145,14.23885440826416,12.912065505981445,5.395618438720703,17.00847625732422,0.5402673482894897,12.881268501281738,-0.2286740392446518,1.0349117517471313,-7.110124588012695,7.582815647125244,,18.809181213378906,11.118073463439941,-8.879739761352539,17.65894889831543,28.347524642944336,8.772773742675781,16.8450870513916,8.594855308532715,19.272554397583008,21.24755096435547,8.898465156555176,-1.3193988800048828,-1.6111506223678589,5.397689342498779,8.875689506530762,9.010869979858398,15.245990753173828,16.05059242248535,8.124937057495117,2.3012311458587646,12.670223236083984,-1.6313085556030273,7.761449337005615,,-11.541865348815918,6.410506248474121,-3.819352388381958,-2.5769455432891846
167,2014-09-07 23:00:00,16.497461928934,MT_001,38.00523376464844,34.847747802734375,-4.469717502593994,42.242515563964844,30.32589340209961,19.92588233947754,33.1043815612793,17.368871688842773,28.66890525817871,30.61604118347168,18.91873550415039,-6.608723163604736,13.392681121826172,-4.492015361785889,28.90757942199707,-1.4305697679519653,21.340801239013672,20.113847732543945,8.252633094787598,-15.700218200683594,36.349002838134766,5.125796794891357,20.777088165283203,6.078463554382324,-44.80197525024414,34.847747802734375,-120.78181457519531,-38.47547149658203,30.32589340209961,19.92588233947754,-182.08572387695312,-81.22362518310547,-153.68276977539062,-17.580249786376953,-50.893836975097656,-6.608723163604736,-62.947113037109375,-106.02710723876953,28.90757942199707,-149.3025360107422,-146.7209930419922,-92.46243286132812,8.252633094787598,-72.47608184814453,6.359823226928711,5.125796794891357,-76.83479309082031,-95.42332458496094,38.05614471435547,171.5741729736328,141.32286071777344,42.242515563964844,155.61306762695312,122.10836791992188,379.9814147949219,92.81817626953125,28.66890525817871,30.61604118347168,18.91873550415039,-6.608723163604736,13.392681121826172,225.2288055419922,75.36297607421875,114.97489166259766,182.67344665527344,127.0959243774414,32.33843994140625,76.2288818359375,213.49664306640625,5.125796794891357,234.82090759277344,194.69815063476562,10.917991638183594,15.562756538391113,-1.8976240158081055,13.865242958068848,-1.8486782312393188,7.335377216339111,11.425237655639648,19.540658950805664,-7.237398147583008,12.898290634155273,10.488242149353027,0.07109908014535904,6.99428129196167,-7.009279251098633,13.437372207641602,-0.9609094858169556,-6.866336822509766,-3.070716142654419,-4.507301330566406,-6.289844036102295,8.727812767028809,7.586136341094971,5.32798957824707,9.232807159423828,9.942543983459473,1.3801738023757935,2.4922590255737305,24.384037017822266,10.389389038085938,26.119237899780273,23.88666534423828,4.168254852294922,15.765005111694336,9.219673156738281,12.320401191711426,-2.8692517280578613,19.899654388427734,-1.7508922815322876,7.4810638427734375,-0.19799110293388367,8.643561363220215,18.815759658813477,3.6940085887908936,3.9137163162231445,27.403366088867188,20.460084915161133,14.703004837036133,-0.5574543476104736,1.1480464935302734,-2.6152071952819824,-1.1326700448989868,-0.5047792196273804,1.525925636291504,2.3152341842651367,0.18700052797794342,-3.9497315883636475,1.0021047592163086,-0.32819250226020813,1.664396047592163,-0.9108761548995972,1.5354409217834473,-1.9545137882232666,0.11996294558048248,-0.03150385990738869,1.2684216499328613,1.4711612462997437,2.075942277908325,-0.6836052536964417,0.09827988594770432,-0.8891527652740479,-1.077852487564087,-0.24813582003116608,11.304929733276367,23.5194149017334,19.065521240234375,0.9565293192863464,6.029193878173828,-10.499279022216797,-5.122147560119629,3.1322972774505615,13.984105110168457,1.696183204650879,-0.33530938625335693,12.537165641784668,0.6919177770614624,14.942442893981934,13.11095142364502,4.866426467895508,17.166629791259766,0.9645146131515503,12.982508659362793,-0.8242544531822205,1.566784143447876,-6.282500743865967,8.179959297180176,20.558700561523438,18.809181213378906,11.118073463439941,-8.879739761352539,17.65894889831543,28.347524642944336,8.772773742675781,16.8450870513916,8.594855308532715,19.272554397583008,21.24755096435547,8.898465156555176,-1.3193988800048828,-1.6111506223678589,5.397689342498779,8.875689506530762,9.010869979858398,15.245990753173828,16.05059242248535,8.124937057495117,2.3012311458587646,12.670223236083984,-1.6313085556030273,7.761449337005615,-8.78999137878418,-11.541865348815918,6.4076995849609375,-3.897092580795288,-5.086203575134277
